"p","predicate"
"http://www.w3.org/2000/01/rdf-schema#label",164501304
"https://w3id.org/italia/onto/l0/name",95624798
"http://www.w3.org/1999/02/22-rdf-syntax-ns#type",93934109
"https://w3id.org/arco/ontology/catalogue/hasCatalogueRecordVersionRiT",11796247
"https://w3id.org/italia/onto/RO/withRole",10147822
"https://w3id.org/italia/onto/RO/isRoleInTimeOf",10131395
"https://w3id.org/arco/ontology/catalogue/hasCatalogueRecordVersion",7192026
"https://w3id.org/arco/ontology/core/hasAgentRole",6900439
"https://w3id.org/arco/ontology/catalogue/isCatalogueRecordVersionOf",6874602
"https://w3id.org/arco/ontology/catalogue/editedAtTime",6813660
"https://w3id.org/arco/ontology/core/hasAgent",6770383
"https://w3id.org/arco/ontology/core/hasRole",6767728
"https://w3id.org/arco/ontology/core/isRoleOf",6486157
"https://w3id.org/arco/ontology/core/isAgentOf",6477651
"http://purl.org/dc/elements/1.1/source",6465214
"http://xmlns.com/foaf/0.1/depiction",6362899
"http://purl.org/dc/elements/1.1/subject",5743623
"https://w3id.org/arco/ontology/denotative-description/hasMeasurement",5523064
"https://w3id.org/arco/ontology/core/hasCategory",5213265
"https://w3id.org/arco/ontology/denotative-description/hasValue",5087850
"https://w3id.org/arco/ontology/denotative-description/hasMeasurementType",5087366
"https://w3id.org/italia/onto/MU/value",5081677
"https://w3id.org/arco/ontology/denotative-description/includesTechnicalCharacteristic",4909355
"https://w3id.org/arco/ontology/context-description/hasInterpretationCriterion",4733769
"https://w3id.org/arco/ontology/location/hasLocationType",4732915
"https://w3id.org/arco/ontology/location/hasTimeIndexedTypedLocation",4623705
"https://w3id.org/arco/ontology/catalogue/hasOfficialInCharge",4455441
"https://w3id.org/italia/onto/TI/atTime",4290831
"https://w3id.org/arco/ontology/location/isTimeIndexedTypedLocationOf",4199700
"https://w3id.org/arco/ontology/context-description/hasDocumentation",3970443
"https://w3id.org/arco/ontology/context-description/isDocumentationOf",3949977
"https://w3id.org/arco/ontology/context-description/hasDocumentationType",3824546
"http://data.cochrane.org/ontologies/pico/materialAndTechnique",3676037
"https://w3id.org/arco/ontology/denotative-description/hasTechnicalStatus",3663095
"https://w3id.org/arco/ontology/catalogue/systemRecordCode",3562127
"https://w3id.org/arco/ontology/denotative-description/hasMaterialOrTechnique",3547704
"https://w3id.org/arco/ontology/catalogue/isDescribedByCatalogueRecord",3535473
"http://purl.org/dc/elements/1.1/publisher",3416027
"http://purl.org/dc/terms/isReferencedBy",3416027
"http://purl.org/dc/elements/1.1/language",3415952
"https://w3id.org/arco/ontology/catalogue/describesCulturalProperty",3415928
"https://w3id.org/arco/ontology/context-description/hasDatingEvent",3412001
"https://w3id.org/arco/ontology/context-description/hasDating",3410190
"http://purl.org/dc/elements/1.1/type",3400330
"https://w3id.org/arco/ontology/context-description/documentationIdentifier",3207115
"https://w3id.org/arco/ontology/arco/hasHeritageProtectionAgency",3130439
"https://w3id.org/arco/ontology/core/description",3081614
"http://purl.org/dc/elements/1.1/date",3047666
"https://w3id.org/arco/ontology/core/note",3032731
"http://www.w3.org/2000/01/rdf-schema#comment",3022712
"https://w3id.org/arco/ontology/context-description/hasAuthorshipAttribution",3020296
"http://purl.org/dc/elements/1.1/title",3017658
"https://w3id.org/arco/ontology/catalogue/lastUpdateDate",3017601
"https://w3id.org/arco/ontology/denotative-description/hasCulturalPropertyType",2996034
"https://w3id.org/arco/ontology/location/isCulturalPropertyAddressOf",2995868
"http://purl.org/dc/terms/spatial",2995797
"https://w3id.org/arco/ontology/arco/hasCataloguingAgency",2995783
"https://w3id.org/arco/ontology/arco/isCataloguingAgencyOf",2995783
"https://w3id.org/arco/ontology/location/hasCulturalPropertyAddress",2995587
"http://purl.org/dc/elements/1.1/coverage",2918201
"https://w3id.org/arco/ontology/catalogue/hasResponsibleResearchAndCompilation",2903645
"https://w3id.org/arco/ontology/arco/regionIdentifier",2882502
"https://w3id.org/arco/ontology/context-description/specificTime",2844638
"https://w3id.org/arco/ontology/denotative-description/hasMeasurementCollection",2840066
"http://purl.org/dc/elements/1.1/identifier",2819412
"http://purl.org/dc/elements/1.1/format",2810462
"http://data.cochrane.org/ontologies/pico/preview",2804143
"https://w3id.org/arco/ontology/context-description/isAuthorshipAttributionOf",2784242
"https://w3id.org/arco/ontology/context-description/hasLegalSituation",2751698
"http://purl.org/dc/elements/1.1/description",2741863
"http://purl.org/dc/elements/1.1/rights",2735552
"https://w3id.org/arco/ontology/arco/isHeritageProtectionAgencyOf",2710806
"https://w3id.org/arco/ontology/catalogue/catalogueRecordIdentifier",2691345
"https://w3id.org/arco/ontology/arco/uniqueIdentifier",2676041
"https://w3id.org/arco/ontology/arco/catalogueNumber",2653717
"https://w3id.org/arco/ontology/catalogue/hasCataloguingLevel",2644506
"https://w3id.org/arco/ontology/denotative-description/hasConservationStatus",2617104
"https://w3id.org/arco/ontology/denotative-description/hasConservationStatusType",2595215
"https://w3id.org/arco/ontology/location/atLocation",2466877
"https://w3id.org/arco/ontology/catalogue/hasUpdateResponsibleResearchAndCompilation",2378978
"https://w3id.org/arco/ontology/catalogue/hasAccessProfile",2330025
"https://w3id.org/arco/ontology/catalogue/hasPrivacyLevel",2330019
"https://w3id.org/arco/ontology/location/hasCulturalInstituteOrSite",2323191
"https://w3id.org/arco/ontology/catalogue/hasPrivacyReason",2319988
"https://w3id.org/arco/ontology/core/specifications",2118605
"https://w3id.org/arco/ontology/location/atSite",2109949
"https://w3id.org/italia/onto/MU/hasMeasurementUnit",2039868
"https://w3id.org/arco/ontology/context-description/hasCulturalScope",1889669
"https://w3id.org/arco/ontology/context-description/hasBibliography",1859417
"https://w3id.org/arco/ontology/context-description/subject",1857547
"https://w3id.org/arco/ontology/context-description/isBibliographyOf",1835133
"http://purl.org/dc/terms/bibliographicCitation",1762805
"https://w3id.org/arco/ontology/context-description/bibliographicReferenceAuthor",1748224
"https://w3id.org/arco/ontology/context-description/bibliographicReferenceDate",1745640
"https://w3id.org/arco/ontology/context-description/bibliographicReference",1742617
"https://w3id.org/arco/ontology/location/hasCoordinates",1640640
"https://w3id.org/arco/ontology/location/lat",1632847
"https://w3id.org/arco/ontology/location/long",1632847
"https://w3id.org/arco/ontology/context-description/inventoryIdentifier",1619061
"https://w3id.org/arco/ontology/context-description/hasAuthor",1617183
"https://w3id.org/arco/ontology/catalogue/hasDigitalTranscriptionOperator",1527539
"https://w3id.org/arco/ontology/denotative-description/hasAffixedElement",1496904
"http://purl.org/dc/elements/1.1/creator",1451708
"https://w3id.org/arco/ontology/context-description/hasSubject",1450175
"https://w3id.org/arco/ontology/context-description/isSubjectOf",1445872
"https://w3id.org/arco/ontology/denotative-description/positionOnCulturalProperty",1299624
"https://w3id.org/italia/onto/CLV/hasGeometry",1286568
"http://data.cochrane.org/ontologies/pico/author",1284397
"https://w3id.org/italia/onto/CLV/hasGeometryType",1256705
"https://w3id.org/italia/onto/CLV/isGeometryFor",1250660
"https://w3id.org/arco/ontology/context-description/bibliographyLocalIdentifier",1171206
"https://w3id.org/arco/ontology/context-description/hasAttributedAuthor",1127224
"https://w3id.org/arco/ontology/context-description/hasInventorySituation",1124811
"https://w3id.org/arco/ontology/denotative-description/hasTechnique",1033209
"https://w3id.org/italia/onto/CLV/serialization",1031926
"https://w3id.org/arco/ontology/denotative-description/transcript",1031300
"https://w3id.org/arco/ontology/context-description/historicalInformation",1026658
"https://w3id.org/arco/ontology/denotative-description/hasFunctionalPurpose",997688
"https://w3id.org/italia/onto/l0/identifier",981733
"https://w3id.org/arco/ontology/context-description/hasOwner",970917
"https://w3id.org/italia/onto/TI/time",970137
"https://w3id.org/arco/ontology/context-description/hasPreferredAuthor",839674
"https://w3id.org/arco/ontology/arco/hasCulturalPropertyCataloguingCategory",824179
"https://w3id.org/arco/ontology/context-description/isAuthorOf",785926
"https://w3id.org/arco/ontology/denotative-description/hasFontStyle",745919
"https://w3id.org/arco/ontology/location/isCulturalInstituteOrSiteOf",690027
"https://w3id.org/arco/ontology/context-description/involvesRelatedWork",681724
"https://w3id.org/arco/ontology/context-description/hasInterventionRole",605181
"https://w3id.org/arco/ontology/arco/hasCulturalPropertyCategory",555733
"https://w3id.org/arco/ontology/catalogue/hasAlternativeIdentifier",507000
"https://w3id.org/arco/ontology/denotative-description/hasPhotoColour",436902
"https://w3id.org/arco/ontology/core/hasType",430756
"https://w3id.org/arco/ontology/context-description/hasAcquisition",427842
"https://w3id.org/arco/ontology/context-description/isAcquisitionOf",427467
"https://w3id.org/arco/ontology/core/hasPart",426704
"https://w3id.org/arco/ontology/context-description/hasRelatedWorkSituation",422644
"https://w3id.org/arco/ontology/context-description/hasAcquisitionType",420688
"https://w3id.org/arco/ontology/core/isComponentOf",420448
"https://w3id.org/arco/ontology/catalogue/localIdentifier",419633
"https://w3id.org/italia/onto/Language/hasLanguage",397859
"http://www.w3.org/2002/07/owl#sameAs",390124
"https://w3id.org/arco/ontology/context-description/hasCollection",360510
"https://w3id.org/arco/ontology/arco/numberOfComponents",339028
"https://w3id.org/arco/ontology/denotative-description/hasMaterial",338521
"https://w3id.org/arco/ontology/core/isPartOf",322439
"https://w3id.org/arco/ontology/context-description/documentationLocation",302150
"https://w3id.org/arco/ontology/denotative-description/hasDesignationInTime",298789
"https://w3id.org/arco/ontology/context-description/isCollectionIn",293940
"https://w3id.org/arco/ontology/context-description/hasTitle",283371
"https://w3id.org/arco/ontology/context-description/iconclassCode",279593
"https://w3id.org/arco/ontology/catalogue/hasScientificDirector",278331
"https://w3id.org/arco/ontology/context-description/hasPreviousOwner",262319
"https://w3id.org/arco/ontology/arco/isCulturalPropertyComponentOf",254068
"https://w3id.org/arco/ontology/context-description/hasArchive",252228
"https://w3id.org/arco/ontology/context-description/isArchivalUnitMemberOf",252157
"http://www.w3.org/2004/02/skos/core#relatedMatch",237471
"http://purl.org/dc/terms/relation",229800
"https://w3id.org/arco/ontology/context-description/hasMemberOfArchivalRecordSet",221679
"https://w3id.org/arco/ontology/context-description/isMemberOfArchivalRecordSetOf",221642
"https://w3id.org/arco/ontology/context-description/isRelatedWorkSituationOf",214809
"https://w3id.org/arco/ontology/denotative-description/refersToAgent",211659
"https://w3id.org/arco/ontology/context-description/acquisitionLocation",206200
"https://w3id.org/arco/ontology/context-description/hasActivityResponsible",204894
"https://w3id.org/arco/ontology/context-description/documentationTitle",204849
"https://w3id.org/arco/ontology/context-description/useFunction",198170
"https://w3id.org/arco/ontology/context-description/hasUse",195362
"https://w3id.org/arco/ontology/context-description/agentDate",191493
"https://w3id.org/arco/ontology/context-description/hasIntervention",190745
"https://w3id.org/italia/onto/CLV/hasProvince",187403
"https://w3id.org/italia/onto/CLV/hasCity",186648
"https://w3id.org/italia/onto/CLV/hasCountry",184853
"https://w3id.org/arco/ontology/construction-description/hasConstructionElement",173099
"https://w3id.org/arco/ontology/context-description/isTitleOf",170595
"https://w3id.org/arco/ontology/denotative-description/validity",169426
"https://w3id.org/arco/ontology/context-description/hasTitleType",168644
"https://w3id.org/arco/ontology/context-description/hasMeasurementCollection",168607
"https://w3id.org/arco/ontology/catalogue/hasUpdateOfficialInCharge",161391
"https://w3id.org/arco/ontology/denotative-description/hasShape",161000
"https://w3id.org/arco/ontology/context-description/completeBibliographicReference",160783
"https://w3id.org/arco/ontology/context-description/hasFormat",159672
"https://w3id.org/italia/onto/SM/URL",159479
"https://w3id.org/arco/ontology/arco/endTime",156287
"https://w3id.org/arco/ontology/arco/startTime",154872
"https://w3id.org/arco/ontology/immovable-property/hasConstructionElement",151879
"https://w3id.org/arco/ontology/context-description/hasSurvey",151851
"https://w3id.org/arco/ontology/context-description/subjectDescription",150459
"https://w3id.org/italia/onto/CLV/hasRegion",147211
"https://w3id.org/italia/onto/CLV/fullAddress",144403
"https://w3id.org/arco/ontology/context-description/hasUseType",141624
"https://w3id.org/arco/ontology/location/hasCadastralEntity",136866
"https://w3id.org/arco/ontology/context-description/agentLocalIdentifier",136101
"https://w3id.org/arco/ontology/context-description/hasActivityOperator",133824
"https://w3id.org/arco/ontology/location/hasBaseMap",128277
"https://w3id.org/arco/ontology/context-description/folio",128060
"http://dati.beniculturali.it/cis/siteAddress",125232
"https://w3id.org/arco/ontology/denotative-description/positionInComplexCulturalProperty",125103
"https://w3id.org/arco/ontology/context-description/findingNote",121838
"https://w3id.org/arco/ontology/context-description/properTitle",119773
"https://w3id.org/italia/onto/AccessCondition/hasAccessCondition",117704
"https://w3id.org/italia/onto/l0/description",117294
"https://w3id.org/arco/ontology/core/current",117108
"https://w3id.org/arco/ontology/denotative-description/hasDesignationType",112099
"https://w3id.org/arco/ontology/arco/hasMibacScopeOfProtection",111064
"https://w3id.org/arco/ontology/location/spacialReferenceSystem",110692
"https://w3id.org/arco/ontology/context-description/hasProtectiveMeasure",110657
"https://w3id.org/arco/ontology/location/hasGeometryMethod",98035
"https://w3id.org/arco/ontology/location/hasGeometryTechnique",97889
"https://w3id.org/arco/ontology/context-description/title",96842
"http://www.w3.org/2000/01/rdf-schema#seeAlso",95117
"https://w3id.org/arco/ontology/denotative-description/isCharacteristicClassifiedBy",93307
"https://w3id.org/italia/onto/CLV/hasAddress",93017
"https://w3id.org/arco/ontology/context-description/hasSurveyScientificDirector",91577
"https://w3id.org/arco/ontology/arco/suffix",90285
"https://w3id.org/arco/ontology/context-description/hasProponentAgency",89214
"https://w3id.org/italia/onto/TI/date",89180
"https://w3id.org/arco/ontology/context-description/isProponentAgencyOf",89053
"https://w3id.org/arco/ontology/location/hasCadastralIdentity",87254
"https://w3id.org/arco/ontology/denotative-description/occurrences",86344
"http://www.w3.org/2002/07/owl#deprecated",83309
"https://w3id.org/arco/ontology/movable-property/hasTaxon",82741
"https://w3id.org/arco/ontology/core/hasClassificationInTime",82268
"https://w3id.org/arco/ontology/context-description/hasEdition",81893
"https://w3id.org/italia/onto/SM/hasOnlineContactPoint",80015
"https://w3id.org/arco/ontology/context-description/hasAgentWithResponsibility",79370
"https://w3id.org/arco/ontology/context-description/hasResponsibility",79370
"https://w3id.org/italia/onto/CPV/familyName",78884
"http://dati.beniculturali.it/cis/involvesCulturalEntity",78755
"https://w3id.org/arco/ontology/context-description/hasCircumstance",77841
"https://w3id.org/italia/onto/CPV/givenName",76752
"https://w3id.org/italia/onto/TI/hasDayOfWeek",72786
"https://w3id.org/italia/onto/AccessCondition/hasAdmissionType",72786
"https://w3id.org/italia/onto/AccessCondition/closes",72786
"https://w3id.org/italia/onto/AccessCondition/opens",72786
"https://w3id.org/arco/ontology/denotative-description/hasCulturalPropertyDefinition",72103
"https://w3id.org/arco/ontology/context-description/issueDate",69729
"https://w3id.org/arco/ontology/location/hasCadastralCity",67810
"http://www.w3.org/2004/02/skos/core#prefLabel",66710
"https://w3id.org/arco/ontology/catalogue/deletedICCDIdentifier",66356
"https://w3id.org/arco/ontology/context-description/hasBibliographyType",65057
"http://lod.xdams.org/reload/oad/extentAndMedium",64365
"https://w3id.org/italia/onto/SM/hasTelephone",64142
"https://w3id.org/italia/onto/CPV/sexID",62452
"https://w3id.org/italia/onto/CPV/hasSex",62429
"https://w3id.org/arco/ontology/context-description/hasCommission",62257
"https://w3id.org/arco/ontology/context-description/hasCommittent",60372
"https://w3id.org/arco/ontology/immovable-property/hasCovering",58985
"https://w3id.org/arco/ontology/construction-description/hasCovering",58985
"https://w3id.org/arco/ontology/natural-specimen-description/hasTaxon",57989
"http://dati.beniculturali.it/cis/hasSite",57808
"https://w3id.org/italia/onto/CLV/hasAddressArea",57021
"https://w3id.org/arco/ontology/context-description/digitalFileName",57007
"https://w3id.org/arco/ontology/denotative-description/hasIconographicOrDecorativeApparatus",56644
"https://w3id.org/arco/ontology/context-description/hasActivitySponsor",56304
"https://w3id.org/arco/ontology/core/isIdentifiedBy",56263
"https://w3id.org/arco/ontology/context-description/editionLocation",55776
"https://w3id.org/arco/ontology/core/isClassifiedBy",55332
"https://w3id.org/arco/ontology/context-description/hasAuthorityFileCataloguingAgency",53451
"https://w3id.org/arco/ontology/core/hasAutoreOpera",53360
"https://w3id.org/arco/ontology/location/hasSiteType",53102
"https://w3id.org/arco/ontology/denotative-description/hasIconographicOrDecorativeApparatusType",51863
"https://w3id.org/italia/onto/SM/hasEmail",50489
"https://w3id.org/arco/ontology/catalogue/hasUpdateResponsibleAgent",50429
"http://www.w3.org/2004/02/skos/core#inScheme",47551
"https://w3id.org/arco/ontology/context-description/hasCulturalPropertyStage",46910
"https://w3id.org/arco/ontology/natural-specimen-description/hasSpecimenHarvesting",46352
"https://w3id.org/arco/ontology/movable-property/hasSpecimenHarvesting",46346
"https://w3id.org/arco/ontology/context-description/attributedTitle",46175
"https://w3id.org/arco/ontology/context-description/isSpecimenMemberOf",45724
"http://dati.beniculturali.it/cis/isSubjectOf",45693
"https://w3id.org/arco/ontology/context-description/isMemberOfSpecimenCollectionOf",45420
"https://w3id.org/arco/ontology/context-description/hasUrbanPlanningInstrument",45218
"http://www.w3.org/2004/02/skos/core#broader",45105
"http://www.w3.org/2004/02/skos/core#narrower",45101
"https://w3id.org/italia/onto/CLV/postCode",44915
"https://w3id.org/arco/ontology/context-description/insertionDate",44250
"http://www.w3.org/2004/02/skos/core#closeMatch",43715
"https://w3id.org/arco/ontology/movable-property/isClassifiedByCurrentTaxon",42547
"https://w3id.org/arco/ontology/natural-specimen-description/isIdentifiedByCurrentTaxon",42547
"https://w3id.org/arco/ontology/construction-description/hasLayout",41683
"https://w3id.org/arco/ontology/immovable-property/hasLayout",41536
"https://w3id.org/arco/ontology/context-description/abbreviation",40792
"https://w3id.org/arco/ontology/context-description/isMemberOfCollectionOf",40485
"https://w3id.org/arco/ontology/context-description/hasMemberOfCollection",40383
"https://w3id.org/italia/onto/POT/hasTicket",40241
"http://dati.beniculturali.it/cis/institutionalCISName",39382
"https://w3id.org/arco/ontology/core/hasIdentificationInTime",38846
"https://w3id.org/arco/ontology/natural-specimen-description/isClassifiedByCurrentTaxon",38843
"https://w3id.org/italia/onto/SM/hasTelephoneType",38529
"https://w3id.org/arco/ontology/context-description/hasEligibleIntervention",38124
"https://w3id.org/arco/ontology/context-description/hasScale",38089
"https://w3id.org/arco/ontology/catalogue/recoveredData",37964
"https://w3id.org/arco/ontology/context-description/relatedWorkNote",37710
"https://w3id.org/arco/ontology/movable-property/hasChemicalFormula",36560
"https://w3id.org/arco/ontology/natural-specimen-description/hasChemicalFormula",36560
"https://w3id.org/italia/onto/POT/includes",35370
"https://w3id.org/italia/onto/POT/hasPriceSpecification",35370
"https://w3id.org/italia/onto/POT/hasCurrency",35370
"https://w3id.org/italia/onto/POT/hasCurrencyValue",35370
"https://w3id.org/arco/ontology/denotative-description/hasCulturalPropertyAvailability",35319
"https://w3id.org/arco/ontology/movable-property/hasUnitCell",35315
"https://w3id.org/arco/ontology/natural-specimen-description/hasUnitCell",35315
"https://w3id.org/arco/ontology/movable-property/hasSpaceGroup",35183
"https://w3id.org/arco/ontology/natural-specimen-description/hasSpaceGroup",35183
"https://w3id.org/arco/ontology/movable-property/hasCrystalSystem",35113
"https://w3id.org/arco/ontology/natural-specimen-description/hasCrystalSystem",35113
"https://w3id.org/arco/ontology/movable-property/hasPointGroup",34981
"https://w3id.org/arco/ontology/movable-property/hasCrystalClass",34981
"https://w3id.org/arco/ontology/natural-specimen-description/hasPointGroup",34981
"https://w3id.org/arco/ontology/natural-specimen-description/hasCrystalClass",34981
"https://w3id.org/arco/ontology/catalogue/hasUpdateScientificRevisor",34210
"https://w3id.org/arco/ontology/context-description/noticeDate",33235
"https://w3id.org/arco/ontology/context-description/activityPlaceAndPeriod",32862
"http://www.w3.org/2002/07/owl#versionInfo",32507
"https://w3id.org/arco/ontology/context-description/isReusedBy",32190
"https://w3id.org/arco/ontology/location/hasTypeOfContext",31804
"http://dati.beniculturali.it/cis/isSiteOf",31581
"https://w3id.org/arco/ontology/context-description/archivalRecordLocation",31563
"https://w3id.org/italia/onto/CLV/hasSpatialCoverage",31237
"https://w3id.org/arco/ontology/movable-property/hasCrystalMorphology",31230
"https://w3id.org/arco/ontology/natural-specimen-description/hasCrystalMorphology",31230
"https://w3id.org/italia/onto/CPV/hasBirthPlace",30707
"https://w3id.org/italia/onto/SM/hasWebSite",29881
"https://w3id.org/italia/onto/SM/isEmailOf",29875
"http://purl.org/dc/terms/modified",29378
"https://w3id.org/italia/onto/l0/hasDescription",29293
"http://dati.beniculturali.it/cis/isMemberOfColCultEnt",29292
"https://w3id.org/arco/ontology/denotative-description/hasPhotoSize",29151
"https://w3id.org/arco/ontology/location/hasTerritorialArea",28877
"http://purl.org/dc/terms/created",28702
"https://w3id.org/arco/ontology/context-description/useConditions",28277
"https://w3id.org/italia/onto/CLV/officialStreetName",28226
"https://w3id.org/arco/ontology/denotative-description/hasCulturalPropertySpecification",28059
"https://w3id.org/italia/onto/CPV/dateOfBirth",27948
"http://purl.org/dc/terms/available",27520
"http://xmlns.com/foaf/0.1/primaryTopic",27520
"https://w3id.org/italia/onto/CLV/hasStreetToponym",27423
"https://w3id.org/arco/ontology/construction-description/hasConstructionSpace",27135
"https://w3id.org/arco/ontology/context-description/relatedWorkLocation",26874
"https://w3id.org/arco/ontology/context-description/hasCopyright",26056
"https://w3id.org/italia/onto/SM/hasTelephoneNumber",26025
"https://w3id.org/italia/onto/CPV/dateOfDeath",25617
"http://lod.xdams.org/reload/oad/hasProduction",24118
"https://w3id.org/italia/onto/CLV/long",23939
"https://w3id.org/italia/onto/CLV/lat",23939
"https://w3id.org/arco/ontology/arco/positionInSequence",23401
"http://purl.org/dc/elements/1.1/extent",22879
"http://purl.org/dc/terms/isPartOf",22020
"http://lod.xdams.org/reload/oad/has_level",22017
"https://w3id.org/arco/ontology/context-description/hasCopyrightHolder",21721
"https://w3id.org/arco/ontology/denotative-description/hasCulturalPropertyAccessibility",21682
"http://purl.org/dc/terms/subject",21664
"http://purl.org/dc/terms/provenance",21456
"http://lod.xdams.org/reload/oad/title",21455
"http://lod.xdams.org/reload/oad/referenceCode",21455
"http://dati.beniculturali.it/cis/isInSite",21455
"http://lod.xdams.org/reload/oad/startDate",21454
"http://lod.xdams.org/reload/oad/endDate",21454
"https://w3id.org/italia/onto/SM/emailAddress",21433
"https://w3id.org/italia/onto/SM/hasEmailType",21420
"https://w3id.org/italia/onto/TI/startTime",21341
"https://w3id.org/italia/onto/TI/endTime",21341
"http://dati.beniculturali.it/cis/isHostedBySite",21119
"https://w3id.org/arco/ontology/cataloguing-campaign/hasStatus",21069
"https://w3id.org/italia/onto/CPV/hasDeathPlace",20894
"https://w3id.org/arco/ontology/location/hasAltitude",20427
"https://w3id.org/italia/onto/CLV/toponymQualifier",20355
"https://w3id.org/arco/ontology/denotative-description/hasWritingSystem",19388
"https://w3id.org/arco/ontology/location/alt",18962
"https://w3id.org/arco/ontology/immovable-property/hasDesign",18553
"https://w3id.org/arco/ontology/construction-description/hasDesign",18553
"http://dati.beniculturali.it/cis/ISILidentifier",18218
"https://w3id.org/arco/ontology/context-description/hasDerivatedWorkType",18019
"https://w3id.org/arco/ontology/context-description/hasDetectionMethod",17856
"https://w3id.org/arco/ontology/context-description/hasInterventionType",17284
"https://w3id.org/arco/ontology/context-description/hasChangeOfAvailabilityType",17253
"https://w3id.org/arco/ontology/natural-specimen-description/hasIdentificationInTime",17206
"https://w3id.org/arco/ontology/immovable-property/hasInteriorSubdivision",17040
"https://w3id.org/arco/ontology/construction-description/hasInteriorSubdivision",17040
"http://rdfs.org/ns/void#triples",16542
"http://dati.beniculturali.it/cis/hasCISNameInTime",16243
"https://w3id.org/arco/ontology/context-description/address",16212
"https://w3id.org/arco/ontology/context-description/hasChangeOfAvailability",16154
"https://w3id.org/arco/ontology/context-description/uncertainAuthorshipAttribution",16136
"https://w3id.org/arco/ontology/context-description/archivalRecordSetTitle",16017
"https://w3id.org/arco/ontology/context-description/isLocatedIn",15915
"https://w3id.org/arco/ontology/context-description/isKeptIn",15871
"http://rdfs.org/ns/void#propertyPartition",15825
"http://rdfs.org/ns/void#property",15825
"https://w3id.org/arco/ontology/construction-description/numberOfFloors",15807
"https://w3id.org/arco/ontology/immovable-property/numberOfFloors",15807
"https://w3id.org/arco/ontology/location/hasToponymInTime",15380
"https://w3id.org/arco/ontology/denotative-description/hasFiligree",15379
"https://w3id.org/arco/ontology/immovable-property/refersToFloorOrLevel",15366
"https://w3id.org/arco/ontology/construction-description/refersToFloorOrLevel",15366
"https://w3id.org/arco/ontology/context-description/hasReproduction",15268
"https://w3id.org/arco/ontology/context-description/collectionUnitIdentifier",15265
"https://w3id.org/arco/ontology/natural-specimen-description/hasLabel",14491
"https://w3id.org/italia/onto/RO/forEntity",14425
"https://w3id.org/italia/onto/RO/holdsRoleInTime",14425
"https://w3id.org/arco/ontology/context-description/hasSurveyMethod",14332
"https://w3id.org/arco/ontology/context-description/hasUseFunction",13981
"https://w3id.org/arco/ontology/core/keyword",13974
"https://w3id.org/arco/ontology/natural-specimen-description/hasDirectHigherRank",13916
"https://w3id.org/italia/onto/CLV/hasHigherRank",13627
"https://w3id.org/arco/ontology/arco/RVERidentifier",13491
"https://w3id.org/arco/ontology/natural-specimen-description/bodyTranscript",13435
"https://w3id.org/arco/ontology/context-description/hasReproductionPosition",13093
"https://w3id.org/arco/ontology/construction-description/hasRoofStructure",12854
"https://w3id.org/arco/ontology/immovable-property/hasRoofStructure",12829
"https://w3id.org/arco/ontology/context-description/isResponsibilityFor",12774
"https://w3id.org/arco/ontology/denotative-description/hasLegibility",12761
"https://w3id.org/italia/onto/SM/telephoneNumber",12618
"https://w3id.org/arco/ontology/core/involvesAgent",12156
"https://w3id.org/arco/ontology/context-description/hasUser",12119
"https://w3id.org/arco/ontology/context-description/hasCoinIssuance",12051
"https://w3id.org/arco/ontology/context-description/hasIssuer",11651
"https://w3id.org/italia/onto/SM/url",11311
"https://w3id.org/arco/ontology/context-description/hasSurveyMotivation",11163
"https://w3id.org/arco/ontology/immovable-property/significantIconographicInformation",11078
"https://w3id.org/arco/ontology/construction-description/significantIconographicInformation",11078
"https://w3id.org/arco/ontology/construction-description/mainFacade",11037
"https://w3id.org/arco/ontology/context-description/isMemberOfNumismaticSeriesOf",10990
"https://w3id.org/arco/ontology/context-description/isCoinMemberOf",10990
"https://w3id.org/arco/ontology/immovable-property/numberOfFlights",10962
"https://w3id.org/arco/ontology/construction-description/numberOfFlights",10962
"https://w3id.org/arco/ontology/denotative-description/hasDesignationInTimeType",10847
"https://w3id.org/arco/ontology/location/pointType",10745
"https://w3id.org/arco/ontology/location/hasClericalAdministrativeArea",10632
"https://w3id.org/italia/onto/CLV/streetNumber",10593
"https://w3id.org/italia/onto/CLV/hasNumber",10590
"https://w3id.org/arco/ontology/context-description/framework",10302
"https://w3id.org/arco/ontology/denotative-description/storageConditions",9973
"https://w3id.org/arco/ontology/context-description/hasMint",9846
"https://w3id.org/arco/ontology/context-description/isPrintingPlateMemberOf",9814
"https://w3id.org/arco/ontology/context-description/isMemberOfPrintingPlatesSeriesOf",9814
"https://w3id.org/arco/ontology/catalogue/hasDigitalTranscriptionResponsibleAgent",9719
"https://w3id.org/arco/ontology/construction-description/isFoundationOf",9302
"https://w3id.org/arco/ontology/immovable-property/isFoundationOf",9245
"https://w3id.org/arco/ontology/context-description/pageOrTableNumber",9129
"https://w3id.org/arco/ontology/location/hasFindingStratum",8395
"https://w3id.org/arco/ontology/location/hasGeologicalContex",8395
"https://w3id.org/arco/ontology/location/hasStratum",8394
"https://w3id.org/arco/ontology/context-description/hasProfession",8034
"http://www.geonames.org/ontology#parentCountry",8031
"http://www.geonames.org/ontology#parentADM1",8011
"http://www.geonames.org/ontology#parentADM2",7904
"https://w3id.org/arco/ontology/context-description/hasDepiction",7898
"https://w3id.org/arco/ontology/context-description/registrationDateOrGU",7698
"https://w3id.org/arco/ontology/context-description/caption",7419
"https://w3id.org/arco/ontology/context-description/alternativeName",7370
"https://w3id.org/arco/ontology/denotative-description/hasFileFormat",7187
"https://w3id.org/arco/ontology/denotative-description/hasStorageMethodOrColourDepth",7185
"https://w3id.org/arco/ontology/cataloguing-campaign/isCataloguingActivityOf",7104
"https://w3id.org/arco/ontology/movable-property/hasDirectHigherRank",7001
"https://w3id.org/arco/ontology/arco/hasMainDiscipline",6887
"https://w3id.org/arco/ontology/context-description/hasUserSocialCategory",6854
"https://w3id.org/arco/ontology/denotative-description/hasPixelDimension",6649
"https://w3id.org/arco/ontology/arco/hasAlternativeDiscipline",6632
"https://w3id.org/arco/ontology/denotative-description/hasSupport",6598
"https://w3id.org/arco/ontology/natural-specimen-description/headingTranscript",6486
"https://w3id.org/arco/ontology/context-description/hasIssuingState",6463
"https://w3id.org/arco/ontology/construction-description/spatialLocation",6365
"https://w3id.org/arco/ontology/immovable-property/spatialLocation",6365
"https://w3id.org/arco/ontology/movable-property/hasHarvestingOperator",6200
"https://w3id.org/arco/ontology/natural-specimen-description/hasHarvestingOperator",6200
"https://w3id.org/arco/ontology/context-description/signature",6186
"https://w3id.org/arco/ontology/cataloguing-campaign/lastNumberAssigned",6056
"https://w3id.org/arco/ontology/cataloguing-campaign/firstNumberAssigned",6053
"http://www.w3.org/2003/01/geo/wgs84_pos#lat",6052
"http://www.w3.org/2003/01/geo/wgs84_pos#long",6052
"https://w3id.org/arco/ontology/location/locationDetails",5993
"https://w3id.org/arco/ontology/cataloguing-campaign/totalOfAssignedNumber",5895
"http://dati.beniculturali.it/cis/isPartOf",5767
"https://w3id.org/arco/ontology/catalogue/describes",5748
"https://w3id.org/arco/ontology/catalogue/isDescribedBy",5748
"http://dati.beniculturali.it/cis/hasDiscipline",5743
"https://w3id.org/arco/ontology/arco/hasNumismaticPropertyCategory",5712
"https://w3id.org/arco/ontology/context-description/hasCulturalPropertyRecordResponsibleAgent",5685
"https://w3id.org/arco/ontology/construction-description/laysOnSoil",5614
"https://w3id.org/arco/ontology/arco/numberOfElements",5603
"https://w3id.org/arco/ontology/catalogue/culturalPropertyRecordIdentifier",5497
"https://w3id.org/arco/ontology/arco/hasArchaeologicalMaterialCategory",5216
"https://w3id.org/arco/ontology/arco/numberOfArchaeologicalMaterials",5216
"https://w3id.org/arco/ontology/immovable-property/hasFlooringLayout",5211
"https://w3id.org/arco/ontology/construction-description/hasFlooringLayout",5211
"https://w3id.org/arco/ontology/denotative-description/proposedIntervention",5024
"https://w3id.org/arco/ontology/cataloguing-campaign/isActivityOf",4935
"http://dati.beniculturali.it/cis/altCISName",4920
"https://w3id.org/arco/ontology/movable-property/currentClassification",4769
"https://w3id.org/arco/ontology/natural-specimen-description/currentIdentification",4769
"https://w3id.org/arco/ontology/context-description/numberInCirculation",4663
"https://w3id.org/arco/ontology/context-description/hasTomb",4643
"https://w3id.org/arco/ontology/context-description/pseudonym",4627
"https://w3id.org/arco/ontology/context-description/hasFindingContext",4620
"https://w3id.org/arco/ontology/movable-property/newDanaCode",4602
"https://w3id.org/arco/ontology/natural-specimen-description/newDanaCode",4602
"https://w3id.org/arco/ontology/context-description/parallelTitle",4518
"https://w3id.org/arco/ontology/context-description/expiryDate",4510
"https://w3id.org/arco/ontology/cataloguing-campaign/hasAgencyProtocol",4464
"https://w3id.org/arco/ontology/context-description/rights",4418
"https://w3id.org/arco/ontology/denotative-description/hasOrnamentalMotif",4233
"https://w3id.org/arco/ontology/context-description/hasResearchScientificDirector",4191
"https://w3id.org/arco/ontology/movable-property/hasLabel",4126
"https://w3id.org/arco/ontology/context-description/isRelatedToResearch",4011
"https://w3id.org/arco/ontology/context-description/hasLaboratoryTest",3943
"https://w3id.org/arco/ontology/context-description/archeologicalExcavationLocalIdentifier",3914
"https://w3id.org/arco/ontology/movable-property/bodyTranscript",3875
"https://w3id.org/arco/ontology/natural-specimen-description/hasHostRock",3849
"https://w3id.org/arco/ontology/natural-specimen-description/originalMaterial",3829
"https://w3id.org/arco/ontology/context-description/hasStratigraphicUnit",3778
"https://w3id.org/arco/ontology/context-description/relatedWorkRecordIdentifier",3633
"https://w3id.org/arco/ontology/movable-property/strunzCode",3603
"https://w3id.org/arco/ontology/natural-specimen-description/strunzCode",3603
"https://w3id.org/arco/ontology/context-description/sex",3515
"https://w3id.org/arco/ontology/context-description/explanationNote",3382
"http://www.w3.org/2004/02/skos/core#member",3235
"https://w3id.org/arco/ontology/location/hasNaturalEnvironment",3225
"https://w3id.org/arco/ontology/cataloguing-campaign/hasCatalogueNumberAssignment",3179
"https://w3id.org/arco/ontology/denotative-description/hasRelatedWorkSituation",3063
"https://w3id.org/arco/ontology/immovable-property/laysOnSoil",2964
"http://schema.org/dateCreated",2864
"http://xmlns.com/foaf/0.1/maker",2862
"http://www.w3.org/2004/02/skos/core#related",2861
"https://w3id.org/arco/ontology/context-description/hasSexInterpretation",2838
"https://w3id.org/arco/ontology/core/hasConsequence",2576
"https://w3id.org/arco/ontology/movable-property/headingTranscript",2535
"http://purl.org/dc/terms/title",2514
"http://www.w3.org/2004/02/skos/core#topConceptOf",2442
"http://www.w3.org/2004/02/skos/core#hasTopConcept",2442
"https://w3id.org/arco/ontology/context-description/hasDevelopmentStage",2414
"https://w3id.org/arco/ontology/cataloguing-campaign/isCatalogueNumberAssignmentOf",2403
"https://w3id.org/arco/ontology/cataloguing-campaign/applicationDate",2403
"https://w3id.org/arco/ontology/cataloguing-campaign/hasApplicantAgency",2403
"https://w3id.org/arco/ontology/cataloguing-campaign/approvalDate",2403
"https://w3id.org/arco/ontology/cataloguing-campaign/hasApplication",2403
"https://w3id.org/arco/ontology/cataloguing-campaign/hasIccdProtocol",2372
"http://purl.org/dc/terms/description",2309
"https://w3id.org/arco/ontology/movable-property/hasLowerRank",2294
"https://w3id.org/arco/ontology/natural-specimen-description/hasLowerRank",2294
"http://www.w3.org/2000/01/rdf-schema#isDefinedBy",2277
"https://w3id.org/arco/ontology/natural-specimen-description/numberOfLabels",2178
"https://w3id.org/arco/ontology/movable-property/numberOfLabels",2178
"https://w3id.org/italia/onto/RO/hasRiT",2157
"https://w3id.org/arco/ontology/location/hasSiteDefinition",2140
"https://w3id.org/arco/ontology/context-description/authorICCDIdentifier",2128
"http://purl.org/dc/terms/license",2102
"http://www.w3.org/ns/dcat#accessURL",2075
"http://purl.org/dc/terms/format",2075
"http://www.w3.org/ns/dcat#distribution",2072
"https://w3id.org/arco/ontology/cataloguing-campaign/hasICCDProtocol",2061
"https://w3id.org/arco/ontology/cataloguing-campaign/isApplicationOf",2061
"http://www.w3.org/2000/01/rdf-schema#subClassOf",2052
"https://w3id.org/arco/ontology/context-description/thesaurus",2035
"http://www.w3.org/ns/dcat#downloadURL",2012
"https://w3id.org/arco/ontology/denotative-description/hasDedicatee",1931
"http://www.w3.org/2000/01/rdf-schema#domain",1911
"https://w3id.org/arco/ontology/context-description/hasFindingLocation",1901
"https://w3id.org/arco/ontology/location/administrativeOrderNumber",1871
"https://w3id.org/arco/ontology/natural-specimen-description/isContainedIn",1867
"https://w3id.org/arco/ontology/denotative-description/anthropologicalMaterialMorphology",1825
"https://w3id.org/arco/ontology/movable-property/genusNumber",1810
"https://w3id.org/arco/ontology/natural-specimen-description/genusNumber",1810
"http://www.w3.org/2000/01/rdf-schema#range",1798
"https://w3id.org/arco/ontology/context-description/bibliographyICCDIdentifier",1786
"http://www.w3.org/2004/02/skos/core#altLabel",1683
"https://w3id.org/arco/ontology/location/hasOldTownAdministrativeType",1669
"https://w3id.org/arco/ontology/natural-specimen-description/hasDiaphaneity",1663
"https://w3id.org/arco/ontology/movable-property/hasDiaphaneity",1663
"https://w3id.org/arco/ontology/location/hasCadastreType",1541
"https://w3id.org/arco/ontology/natural-specimen-description/hasCrystalHabit",1535
"https://w3id.org/arco/ontology/movable-property/hasCrystalHabit",1535
"https://w3id.org/arco/ontology/denotative-description/hasProtectiveMeasure",1506
"https://w3id.org/arco/ontology/natural-specimen-description/hasLustre",1502
"https://w3id.org/arco/ontology/movable-property/hasLustre",1502
"https://w3id.org/arco/ontology/context-description/hasEstimate",1493
"http://www.w3.org/2000/01/rdf-schema#subPropertyOf",1486
"https://w3id.org/arco/ontology/movable-property/numberOfEnvelopes",1458
"https://w3id.org/arco/ontology/natural-specimen-description/numberOfEnvelopes",1458
"https://w3id.org/arco/ontology/context-description/involvesMainAgent",1433
"https://w3id.org/arco/ontology/location/cadastreName",1410
"https://w3id.org/arco/ontology/context-description/estimatedValue",1389
"http://www.w3.org/2004/02/skos/core#editorialNote",1377
"https://w3id.org/arco/ontology/location/hasSiteSpecification",1374
"https://w3id.org/arco/ontology/catalogue/iccdNormTag",1365
"https://w3id.org/arco/ontology/movable-property/hasAccession",1349
"https://w3id.org/arco/ontology/natural-specimen-description/hasAccession",1349
"http://lod.xdams.org/reload/oad/has_entity",1348
"https://w3id.org/arco/ontology/context-description/isMemberOfPhotographicSeriesIn",1318
"https://w3id.org/arco/ontology/context-description/isPhotoMemberOf",1317
"https://w3id.org/arco/ontology/context-description/relatedWorkPreviousLocation",1308
"https://w3id.org/arco/ontology/natural-specimen-description/hasTypeSpecimenIdentification",1296
"https://w3id.org/arco/ontology/movable-property/originalClassification",1292
"https://w3id.org/arco/ontology/natural-specimen-description/originalIdentification",1292
"https://w3id.org/arco/ontology/natural-specimen-description/hasTypeOfTypeSpecimen",1290
"https://w3id.org/arco/ontology/arco/hasReferenceCoinLegend",1258
"https://w3id.org/arco/ontology/arco/classifiedSubject",1226
"https://w3id.org/arco/ontology/arco/hasPhotographicHeritageClassification",1226
"https://w3id.org/arco/ontology/arco/hasPhotographicHeritageClassificationType",1224
"https://w3id.org/arco/ontology/arco/definitionAndPositionOfComponents",1206
"http://www.w3.org/2004/02/skos/core#definition",1189
"https://w3id.org/arco/ontology/context-description/photographicSeriesItemNumber",1181
"http://www.openlinksw.com/schemas/DAV#ownerUser",1175
"https://w3id.org/arco/ontology/natural-specimen-description/producesTaxon",1167
"https://w3id.org/arco/ontology/context-description/openingNoticeDate",1167
"http://purl.org/dc/terms/extent",1145
"http://www.w3.org/2002/07/owl#onProperty",1117
"https://w3id.org/arco/ontology/movable-property/isClassifiedByOriginalTaxon",1065
"https://w3id.org/arco/ontology/natural-specimen-description/isIdentifiedByOriginalTaxon",1065
"https://w3id.org/arco/ontology/context-description/environmentalState",1058
"https://w3id.org/arco/ontology/context-description/isInvolvedIn",1012
"https://w3id.org/arco/ontology/context-description/hasMinter",973
"https://w3id.org/arco/ontology/arco/internationalIdentifier",945
"https://w3id.org/arco/ontology/context-description/authorIntervention",936
"https://w3id.org/arco/ontology/location/hasOutcrop",931
"https://w3id.org/arco/ontology/construction-description/hasPreviousStructureOrElements",929
"https://w3id.org/arco/ontology/location/geographicalDescription",909
"https://w3id.org/arco/ontology/context-description/hasUrbanPlanningEnvironmentalRelationWith",906
"https://w3id.org/arco/ontology/context-description/hasReferenceCatalogue",890
"https://w3id.org/arco/ontology/core/hasComponent",887
"https://w3id.org/arco/ontology/movable-property/hasTypeSpecimenIdentification",880
"https://w3id.org/arco/ontology/movable-property/hasTypeOfTypeSpecimen",880
"https://w3id.org/arco/ontology/context-description/hasLaboratoryTestType",875
"https://w3id.org/arco/ontology/location/culturalInstituteOrSiteIdentifier",863
"https://w3id.org/arco/ontology/natural-specimen-description/imaCode",844
"https://w3id.org/arco/ontology/movable-property/imaCode",844
"https://w3id.org/arco/ontology/context-description/methodOfManufacturing",842
"https://w3id.org/arco/ontology/context-description/hasPreviousLocation",829
"https://w3id.org/arco/ontology/context-description/collectionLeavingReason",802
"http://www.w3.org/2002/07/owl#allValuesFrom",796
"https://w3id.org/italia/onto/COV/hasSpatialCoverage",789
"https://w3id.org/arco/ontology/location/hasCulturalInstituteOrSiteType",788
"https://w3id.org/arco/ontology/movable-property/producesTaxon",758
"https://w3id.org/arco/ontology/catalogue/referenceProject",753
"https://w3id.org/arco/ontology/clothing-description/hasClothingElement",752
"https://w3id.org/arco/ontology/natural-specimen-description/fallDate",739
"https://w3id.org/arco/ontology/movable-property/fallDate",739
"http://purl.org/goodrelations/v1#eligibleRegions",738
"https://w3id.org/arco/ontology/location/hasHarvestingMethod",726
"https://w3id.org/arco/ontology/location/hasMineralDeposit",705
"https://w3id.org/arco/ontology/context-description/informationGatheredOnSite",700
"https://w3id.org/arco/ontology/location/hasHarvestingMotivation",671
"http://www.w3.org/2002/07/owl#inverseOf",657
"https://w3id.org/arco/ontology/denotative-description/hasPhotoProgram",626
"https://w3id.org/arco/ontology/clothing-description/intendedUser",620
"https://w3id.org/arco/ontology/core/specification",610
"http://www.w3.org/1999/02/22-rdf-syntax-ns#first",609
"http://www.w3.org/1999/02/22-rdf-syntax-ns#rest",609
"https://w3id.org/arco/ontology/context-description/hasRecording",606
"https://w3id.org/arco/ontology/context-description/primaryDocument",606
"https://w3id.org/arco/ontology/denotative-description/hasGarmentColour",589
"http://dati.beniculturali.it/iccd/fotografico/haLivello",573
"http://www.cidoc-crm.org/cidoc-crm/P106i_forms_part_of",565
"http://dati.beniculturali.it/iccd/fotografico/parteDiFondo",565
"http://dati.beniculturali.it/iccd/fotografico/parteDi",565
"http://dati.san.beniculturali.it/SAN/has_livelloSuperiore",565
"http://dati.san.beniculturali.it/SAN/has_conservatore",562
"http://www.cidoc-crm.org/cidoc-crm/P50_has_current_keeper",562
"http://dati.beniculturali.it/iccd/fotografico/haConservatore",562
"http://dati.beniculturali.it/iccd/fotografico/soggetto",554
"http://dati.beniculturali.it/iccd/fotografico/indicazioneColore",554
"http://dati.beniculturali.it/iccd/fotografico/nrInventario",554
"http://dati.beniculturali.it/iccd/fotografico/haDefinizioneOggetto",554
"http://dati.beniculturali.it/iccd/fotografico/haLuogoRipresa",554
"http://purl.org/dc/elements/1.1/isReferencedBy",544
"https://w3id.org/arco/ontology/natural-specimen-description/hasAlterationGrade",527
"https://w3id.org/arco/ontology/movable-property/hasAlterationGrade",527
"https://w3id.org/arco/ontology/context-description/hasInventory",525
"https://w3id.org/arco/ontology/context-description/hasStorageMedium",488
"https://w3id.org/arco/ontology/context-description/originalStorageMedium",488
"https://w3id.org/arco/ontology/movable-property/refersToClassificationSystem",488
"https://w3id.org/arco/ontology/context-description/historicalBiographicalInformation",488
"https://w3id.org/arco/ontology/natural-specimen-description/refersToClassificationSystem",488
"https://w3id.org/arco/ontology/movable-property/hasHarvestingResponsible",486
"https://w3id.org/arco/ontology/natural-specimen-description/hasHarvestingResponsible",486
"https://w3id.org/arco/ontology/denotative-description/hasCommunicationMedium",485
"https://w3id.org/arco/ontology/context-description/hasRelatedAgent",474
"http://rdfs.org/ns/void#class",469
"http://rdfs.org/ns/void#classPartition",469
"https://w3id.org/arco/ontology/construction-description/hasVerticalElement",467
"http://dati.beniculturali.it/iccd/fotografico/misureFormato",450
"https://w3id.org/arco/ontology/denotative-description/involvesElement",437
"https://w3id.org/arco/ontology/core/hasConstituent",423
"https://w3id.org/arco/ontology/movable-property/hasTaxonSpecification",419
"https://w3id.org/arco/ontology/context-description/archeologicalFielSurveyLocalIdentifier",418
"https://w3id.org/arco/ontology/location/hasHistoricalArea",416
"https://w3id.org/arco/ontology/context-description/hasAgeInterpretation",414
"https://w3id.org/arco/ontology/movable-property/hasMineralPresence",389
"https://w3id.org/arco/ontology/movable-property/involvesMineral",389
"https://w3id.org/arco/ontology/natural-specimen-description/involvesMineral",389
"https://w3id.org/arco/ontology/natural-specimen-description/hasMineralPresence",389
"http://www.w3.org/ns/dcat#keyword",388
"https://w3id.org/arco/ontology/movable-property/hasHostRock",386
"https://w3id.org/arco/ontology/movable-property/graphicSymbols",386
"https://w3id.org/arco/ontology/natural-specimen-description/graphicSymbols",386
"https://w3id.org/arco/ontology/context-description/age",379
"https://w3id.org/arco/ontology/denotative-description/numberOfMaleParticipants",377
"https://w3id.org/arco/ontology/context-description/synonym",377
"http://rdfs.org/ns/void#target",375
"https://w3id.org/arco/ontology/cultural-event/eventTimeLocation",371
"https://w3id.org/arco/ontology/denotative-description/hasEnvironment",363
"https://w3id.org/arco/ontology/context-description/recordingEquipment",362
"https://w3id.org/arco/ontology/core/abstract",361
"https://w3id.org/arco/ontology/context-description/hasLicense",359
"https://w3id.org/arco/ontology/denotative-description/hasGarmentAnalysis",354
"https://w3id.org/arco/ontology/context-description/archeologicalExcavationICCDIdentifier",352
"https://w3id.org/arco/ontology/denotative-description/involvesAgeRange",342
"https://w3id.org/arco/ontology/denotative-description/hasColour",342
"https://w3id.org/arco/ontology/context-description/hasAgeType",339
"https://w3id.org/arco/ontology/movable-property/hasDirectLowerRank",320
"https://w3id.org/arco/ontology/natural-specimen-description/hasDirectLowerRank",320
"https://w3id.org/arco/ontology/movable-property/hasHarvestingSponsor",311
"https://w3id.org/arco/ontology/natural-specimen-description/hasHarvestingSponsor",311
"https://w3id.org/arco/ontology/natural-specimen-description/hasCrystalTwinning",309
"https://w3id.org/arco/ontology/movable-property/hasCrystalTwinning",309
"http://dati.beniculturali.it/iccd/fotografico/categoria",305
"https://w3id.org/arco/ontology/location/minAlt",303
"http://www.w3.org/2002/07/owl#someValuesFrom",303
"https://w3id.org/arco/ontology/location/maxAlt",302
"https://w3id.org/arco/ontology/denotative-description/digitalPhotographNote",295
"https://w3id.org/arco/ontology/cataloguing-campaign/acronym",291
"https://w3id.org/arco/ontology/location/geologicalDescription",290
"https://schema.org/nationality",290
"https://w3id.org/arco/ontology/location/geomorphologicalDescription",288
"https://w3id.org/italia/onto/CPV/alternativeName",288
"https://w3id.org/arco/ontology/location/hasGovernamentalAdministrativeArea",280
"https://w3id.org/arco/ontology/location/hasMap",278
"https://w3id.org/arco/ontology/natural-specimen-description/hasTaxonSpecification",274
"https://w3id.org/arco/ontology/immovable-property/hasMeasurementCollection",271
"https://w3id.org/arco/ontology/construction-description/hasMeasurementCollection",271
"https://w3id.org/arco/ontology/arco-lite/hasScientificDirector",269
"http://dati.beniculturali.it/iccd/fotografico/autoreFotografia",266
"https://w3id.org/arco/ontology/denotative-description/explanationNote",263
"https://w3id.org/arco/ontology/movable-property/mainMineral",263
"https://w3id.org/arco/ontology/natural-specimen-description/mainMineral",263
"http://dati.beniculturali.it/iccd/fotografico/materiaTecnicaOggetto",262
"http://www.w3.org/ns/sparql-service-description#name",247
"http://www.w3.org/ns/sparql-service-description#namedGraph",247
"http://www.w3.org/ns/sparql-service-description#graph",247
"https://w3id.org/arco/ontology/cultural-event/hasEventOrganiser",241
"https://w3id.org/arco/ontology/movable-property/hasTexture",232
"https://w3id.org/arco/ontology/natural-specimen-description/hasTexture",232
"https://w3id.org/arco/ontology/denotative-description/morphologicalDescription",231
"https://w3id.org/arco/ontology/location/morphologicalDescription",231
"http://purl.org/dc/terms/creator",229
"http://dati.beniculturali.it/iccd/fotografico/cronologiaGenerica",227
"http://purl.org/dc/terms/issued",223
"https://w3id.org/arco/ontology/movable-property/hasPseudomorhosis",221
"https://w3id.org/arco/ontology/movable-property/pseudomorph",221
"https://w3id.org/arco/ontology/natural-specimen-description/hasPseudomorhosis",221
"https://w3id.org/arco/ontology/natural-specimen-description/pseudomorph",221
"http://purl.org/dc/terms/identifier",219
"http://dati.beniculturali.it/iccd/fotografico/cronologiaSpecifica",215
"https://w3id.org/arco/ontology/construction-description/hasHorizontalElement",215
"http://purl.org/dc/terms/publisher",215
"https://w3id.org/arco/ontology/construction-description/hasRoof",214
"https://w3id.org/italia/onto/CLV/hasHistoricalAddress",213
"http://purl.org/dc/terms/language",212
"http://rdfs.org/ns/void#linkPredicate",211
"http://www.w3.org/ns/dcat#dataset",211
"http://www.w3.org/ns/dcat#theme",210
"http://purl.org/dc/terms/rightsHolder",210
"http://www.w3.org/ns/dcat#contactPoint",210
"http://purl.org/dc/terms/accrualPeriodicity",210
"http://www.w3.org/ns/dcat#landingPage",209
"https://w3id.org/arco/ontology/context-description/hasCollector",209
"http://dati.beniculturali.it/iccd/fotografico/cronologiaOpera",202
"https://w3id.org/arco/ontology/context-description/isCollectorOf",201
"https://w3id.org/arco/ontology/context-description/hasUseTypeSpecification",201
"https://w3id.org/arco/ontology/core/isIdentifiedByCurrentTaxon",199
"https://w3id.org/arco/ontology/denotative-description/hasAffixedElementType",197
"https://w3id.org/arco/ontology/movable-property/radioactivity",197
"https://w3id.org/arco/ontology/natural-specimen-description/radioactivity",197
"http://www.w3.org/2002/07/owl#equivalentProperty",196
"https://w3id.org/arco/ontology/denotative-description/hasMassStorage",194
"https://w3id.org/arco/ontology/arco-lite/hasOperator",187
"http://dati.beniculturali.it/iccd/fotografico/collocazione",185
"https://w3id.org/arco/ontology/movable-property/hasSedimentaryStructure",181
"https://w3id.org/arco/ontology/natural-specimen-description/hasSedimentaryStructure",181
"https://w3id.org/arco/ontology/denotative-description/italianTranslation",179
"https://w3id.org/arco/ontology/denotative-description/hasImplementationMethod",172
"http://www.openlinksw.com/schemas/virtrdf#qmfValRange-rvrRestrictions",172
"https://w3id.org/arco/ontology/construction-description/hasVerticalConnection",171
"https://w3id.org/arco/ontology/arco-lite/hasResponsibleAgent",169
"https://w3id.org/arco/ontology/context-description/hasResearch",169
"https://w3id.org/arco/ontology/context-description/testResults",165
"https://w3id.org/arco/ontology/context-description/nationality",164
"https://w3id.org/arco/ontology/context-description/hasExportImportCertificationType",161
"https://w3id.org/arco/ontology/context-description/hasExportImportCertification",161
"https://w3id.org/arco/ontology/context-description/hasExportOffice",159
"http://dati.beniculturali.it/iccd/fotografico/autoreOpera",147
"https://w3id.org/arco/ontology/location/hasClimateSituation",137
"https://w3id.org/arco/ontology/denotative-description/hasClimateSituation",137
"http://www.openlinksw.com/schemas/virtrdf#item",135
"https://w3id.org/arco/ontology/location/hasContinent",135
"https://w3id.org/arco/ontology/denotative-description/hasSampleCollected",135
"https://w3id.org/arco/ontology/context-description/hasFruition",134
"https://w3id.org/arco/ontology/construction-description/hasConnectionElement",130
"https://w3id.org/arco/ontology/immovable-property/hasConnectionElement",130
"https://w3id.org/arco/ontology/immovable-property/hasWaterElement",130
"https://w3id.org/arco/ontology/construction-description/hasWaterElement",130
"http://www.openlinksw.com/schemas/virtrdf#qmfName",130
"https://w3id.org/arco/ontology/context-description/hasEditor",129
"https://w3id.org/arco/ontology/denotative-description/numberOfFemaleParticipants",123
"https://w3id.org/arco/ontology/construction-description/scenografic",119
"https://w3id.org/arco/ontology/immovable-property/scenografic",119
"https://w3id.org/arco/ontology/natural-specimen-description/secondaryMineral",111
"https://w3id.org/arco/ontology/movable-property/secondaryMineral",111
"https://w3id.org/arco/ontology/location/hasZoogeographicRegion",107
"https://w3id.org/arco/ontology/denotative-description/sampleCollectedIdentifier",100
"http://www.openlinksw.com/schemas/virtrdf#inheritFrom",99
"https://w3id.org/arco/ontology/context-description/hasCreationLocation",99
"http://www.openlinksw.com/schemas/virtrdf#qmfSuperFormats",98
"https://w3id.org/arco/ontology/denotative-description/hasResolution",90
"https://w3id.org/arco/ontology/movable-property/hasInclusion",87
"https://w3id.org/arco/ontology/movable-property/hasGeologicalContex",87
"https://w3id.org/arco/ontology/immovable-property/hasTechnicalSystem",87
"https://w3id.org/arco/ontology/natural-specimen-description/hasInclusion",87
"https://w3id.org/arco/ontology/construction-description/hasTechnicalSystem",87
"https://w3id.org/arco/ontology/natural-specimen-description/hasEruptiveType",86
"https://w3id.org/arco/ontology/movable-property/hasEruptiveType",86
"https://w3id.org/arco/ontology/context-description/contacts",85
"http://www.w3.org/2002/07/owl#equivalentClass",84
"https://w3id.org/arco/ontology/location/pedologicalDescription",82
"https://w3id.org/arco/ontology/location/historicalEnvironmentContextDescription",78
"https://w3id.org/arco/ontology/denotative-description/hasSampleCollectedType",77
"https://w3id.org/arco/ontology/movable-property/hasGrains",75
"http://www.w3.org/ns/sparql-service-description#resultFormat",75
"https://w3id.org/arco/ontology/natural-specimen-description/hasGrains",75
"https://w3id.org/arco/ontology/context-description/hasIssuingAgency",75
"https://w3id.org/arco/ontology/natural-specimen-description/hasCement",74
"https://w3id.org/arco/ontology/movable-property/hasCement",74
"http://www.w3.org/2002/07/owl#unionOf",73
"http://xmlns.com/foaf/0.1/mbox_sha1sum",71
"http://www.w3.org/1999/02/22-rdf-syntax-ns#_1",66
"https://w3id.org/arco/ontology/movable-property/hasMatrix",64
"https://w3id.org/arco/ontology/natural-specimen-description/hasMatrix",64
"http://www.w3.org/2002/07/owl#imports",59
"https://w3id.org/arco/ontology/construction-description/hasFoundation",57
"http://www.openlinksw.com/schemas/virtrdf#qmfIidOfShortTmpl",57
"https://w3id.org/arco/ontology/movable-property/zoning",56
"http://www.openlinksw.com/schemas/virtrdf#noInherit",56
"https://w3id.org/arco/ontology/context-description/hasSurveySoundEngineer",56
"https://w3id.org/arco/ontology/location/hasCulturalInstituteOrSiteDefinition",56
"https://w3id.org/arco/ontology/natural-specimen-description/zoning",56
"http://www.openlinksw.com/schemas/virtrdf#qmfSqlvalTmpl",53
"http://www.openlinksw.com/schemas/virtrdf#qmfSqlvalOfShortTmpl",53
"http://www.openlinksw.com/schemas/virtrdf#qmfStrsqlvalOfShortTmpl",53
"http://www.w3.org/2002/07/owl#disjointWith",52
"http://dati.beniculturali.it/iccd/fotografico/genealogia",51
"http://www.w3.org/2008/05/skos#prefLabel",50
"http://www.w3.org/2002/07/owl#members",49
"https://w3id.org/arco/ontology/movable-property/hasMineralDepositType",49
"https://w3id.org/arco/ontology/movable-property/hasStreak",48
"https://w3id.org/arco/ontology/natural-specimen-description/hasStreak",48
"http://www.openlinksw.com/schemas/virtrdf#qmfIsStable",47
"http://www.openlinksw.com/schemas/virtrdf#qmfBoolOfShortTmpl",47
"http://www.openlinksw.com/schemas/virtrdf#qmfIsBijection",47
"http://www.w3.org/2004/02/skos/core#note",46
"http://www.openlinksw.com/schemas/virtrdf#qmfLongOfShortTmpl",45
"http://www.openlinksw.com/schemas/virtrdf#qmfLongTmpl",45
"http://www.openlinksw.com/schemas/virtrdf#qmfUriOfShortTmpl",45
"http://dati.beniculturali.it/iccd/fotografico/dataRipresa",44
"http://www.openlinksw.com/schemas/virtrdf#qmfBoolTmpl",42
"http://ontologydesignpatterns.org/opla/reusesPatternAsTemplate",41
"https://w3id.org/arco/ontology/context-description/areaRoomSquare",41
"https://w3id.org/arco/ontology/cultural-event/hasRecurrentTimePeriod",40
"https://w3id.org/arco/ontology/cultural-event/isSituationMemberOf",40
"http://www.openlinksw.com/schemas/virtrdf#qmfMapsOnlyNullToNull",40
"https://w3id.org/arco/ontology/movable-property/hasOpticalPhenomena",39
"https://w3id.org/arco/ontology/natural-specimen-description/hasOpticalPhenomena",39
"http://www.openlinksw.com/schemas/virtrdf#qmfTypeminTmpl",39
"http://www.openlinksw.com/schemas/virtrdf#qmfTypemaxTmpl",39
"http://www.openlinksw.com/schemas/virtrdf#qmfUriIdOffset",39
"https://w3id.org/arco/ontology/context-description/hasVideoOperator",39
"http://www.openlinksw.com/schemas/virtrdf#qmfCmpFuncName",39
"http://ontologydesignpatterns.org/opla/isNativeTo",39
"http://dati.beniculturali.it/iccd/fotografico/codiceUnivocoBene",38
"http://www.w3.org/2002/07/owl#propertyChainAxiom",38
"https://w3id.org/arco/ontology/context-description/isMemberOfArchivalRecordSet",37
"https://w3id.org/arco/ontology/context-description/hasArchivalRecordSet",37
"http://www.openlinksw.com/schemas/virtrdf#qmfSparqlEbvOfShortTmpl",37
"https://w3id.org/arco/ontology/context-description/isArchivalRecordSetIn",37
"http://dati.beniculturali.it/iccd/fotografico/comune",35
"http://dati.beniculturali.it/iccd/fotografico/regione",35
"http://dati.beniculturali.it/iccd/fotografico/provincia",35
"https://w3id.org/arco/ontology/location/hasCulturalInstituteOrSiteSpecification",35
"https://w3id.org/arco/ontology/movable-property/hasOutcrop",34
"https://w3id.org/arco/ontology/movable-property/hasMineralDeposit",33
"https://w3id.org/arco/ontology/musical-instrument/HSDefinition",31
"http://www.openlinksw.com/schemas/virtrdf#qmfIsuriOfShortTmpl",31
"http://www.openlinksw.com/schemas/virtrdf#qmfIsblankOfShortTmpl",31
"http://www.openlinksw.com/schemas/virtrdf#qmfLanguageOfShortTmpl",31
"http://www.openlinksw.com/schemas/virtrdf#qmfShortOfTypedsqlvalTmpl",31
"http://www.openlinksw.com/schemas/virtrdf#qmfShortOfLongTmpl",31
"http://www.openlinksw.com/schemas/virtrdf#qmfShortOfUriTmpl",31
"http://www.openlinksw.com/schemas/virtrdf#qmfColumnCount",31
"http://www.openlinksw.com/schemas/virtrdf#qmfOkForAnySqlvalue",31
"http://www.openlinksw.com/schemas/virtrdf#qmfShortTmpl",31
"http://www.openlinksw.com/schemas/virtrdf#qmfIsrefOfShortTmpl",31
"http://www.openlinksw.com/schemas/virtrdf#qmfIslitOfShortTmpl",31
"http://www.openlinksw.com/schemas/virtrdf#qmfDatatypeOfShortTmpl",31
"http://www.openlinksw.com/schemas/virtrdf#qmfShortOfSqlvalTmpl",31
"http://www.openlinksw.com/schemas/virtrdf#qmfSparqlEbvTmpl",29
"https://w3id.org/arco/ontology/denotative-description/hasOrientation",29
"http://www.w3.org/ns/sparql-service-description#inputFormat",28
"http://www.w3.org/ns/sparql-service-description#languageExtension",26
"https://w3id.org/arco/ontology/context-description/methodOfInterventionAndDigitization",25
"https://w3id.org/arco/ontology/context-description/hasDomicile",24
"https://w3id.org/arco/ontology/core/isDescribedByClassificationSystem",23
"http://purl.org/dc/terms/contributor",23
"https://w3id.org/arco/ontology/arco-lite/HSNumber",23
"https://w3id.org/arco/ontology/location/siteIdentifier",23
"https://w3id.org/arco/ontology/denotative-description/geologicalDescription",22
"https://w3id.org/arco/ontology/arco-lite/hasCulturalPropertySubject",22
"https://w3id.org/arco/ontology/context-description/isMemberOfCollection",22
"http://www.openlinksw.com/schemas/virtrdf#qmfHasCheapSqlval",22
"https://w3id.org/arco/ontology/arco/previousIdentifier",22
"https://w3id.org/arco/ontology/context-description/diagnosis",22
"http://dati.beniculturali.it/iccd/fotografico/iscrizioniTimbri",21
"https://w3id.org/arco/ontology/natural-specimen-description/hasContactType",20
"https://w3id.org/arco/ontology/movable-property/hasContactType",20
"https://w3id.org/arco/ontology/natural-specimen-description/hasFracture",19
"http://www.openlinksw.com/schemas/virtrdf#qmfIsnumericOfShortTmpl",19
"https://w3id.org/arco/ontology/movable-property/hasFracture",19
"https://w3id.org/arco/ontology/natural-specimen-description/hasTenacity",19
"http://rdfs.org/ns/void#vocabulary",19
"https://w3id.org/arco/ontology/movable-property/hasTenacity",19
"https://w3id.org/arco/ontology/movable-property/hasCleavage",18
"https://w3id.org/arco/ontology/natural-specimen-description/hasChondrule",18
"https://w3id.org/arco/ontology/movable-property/hasChondrule",18
"https://w3id.org/arco/ontology/natural-specimen-description/hasCleavage",18
"https://w3id.org/arco/ontology/movable-property/cleavageGrade",18
"https://w3id.org/arco/ontology/movable-property/relativeAge",18
"http://purl.org/goodrelations/v1#acceptedPaymentMethods",18
"https://w3id.org/arco/ontology/natural-specimen-description/relativeAge",18
"https://w3id.org/arco/ontology/natural-specimen-description/cleavageGrade",18
"https://w3id.org/arco/ontology/movable-property/hasFluorescence",16
"http://xmlns.com/foaf/0.1/name",16
"https://w3id.org/arco/ontology/arco-lite/hasExstension",16
"https://w3id.org/arco/ontology/natural-specimen-description/hasFluorescence",16
"https://w3id.org/arco/ontology/natural-specimen-description/involvesChondrule",15
"https://w3id.org/arco/ontology/movable-property/hasChondrulePresence",15
"https://w3id.org/arco/ontology/natural-specimen-description/modalAnalysis",15
"https://w3id.org/arco/ontology/movable-property/modalAnalysis",15
"https://w3id.org/arco/ontology/natural-specimen-description/hasChondrulePresence",15
"https://w3id.org/arco/ontology/movable-property/involvesChondrule",15
"https://w3id.org/arco/ontology/denotative-description/hasPosition",15
"http://www.w3.org/2002/07/owl#complementOf",14
"http://www.w3.org/ns/sparql-service-description#feature",14
"http://purl.org/dc/elements/1.1/license",14
"https://w3id.org/arco/ontology/location/seaOrOcean",14
"http://www.w3.org/1999/02/22-rdf-syntax-ns#_2",13
"http://www.w3.org/2002/07/owl#versionIRI",13
"https://w3id.org/arco/ontology/denotative-description/involvesSoloInstrument",12
"http://www.openlinksw.com/schemas/virtrdf#qmfCustomString1",12
"http://www.ontologydesignpatterns.org/opla/reusesPatternAsTemplate",12
"https://w3id.org/arco/ontology/movable-property/chondrule-matrixRatio",12
"http://www.ica.org/standards/RiC/ontology#hasIdentifierType",12
"https://w3id.org/arco/ontology/natural-specimen-description/chondrule-matrixRatio",12
"https://w3id.org/arco/ontology/arco-lite/hasMusician",12
"http://www.ica.org/standards/RiC/ontology#performedBy",11
"http://www.w3.org/ns/sparql-service-description#supportedLanguage",11
"http://www.ica.org/standards/RiC/ontology#identifiedBy",10
"http://www.w3.org/2002/07/owl#hasValue",10
"https://w3id.org/arco/ontology/context-description/hasSurveyPhotographer",10
"https://w3id.org/arco/ontology/movable-property/hasAlterationType",10
"http://www.w3.org/1999/02/22-rdf-syntax-ns#_3",10
"http://xmlns.com/foaf/0.1/homepage",10
"https://w3id.org/arco/ontology/natural-specimen-description/hasAlterationType",10
"https://w3id.org/arco/ontology/movable-property/molePercent",9
"https://w3id.org/arco/ontology/natural-specimen-description/molePercent",9
"http://purl.org/goodrelations/v1#eligibleCustomerTypes",9
"https://w3id.org/arco/ontology/context-description/archeologicalFieldSurveyICCDIdentifier",9
"http://www.ica.org/standards/RiC/ontology#date",8
"http://www.openlinksw.com/schemas/virtrdf#qmfIsSubformatOfLong",8
"http://www.openlinksw.com/schemas/virtrdf#qmvATables",8
"http://www.openlinksw.com/schemas/virtrdf#qmvFormat",8
"http://www.openlinksw.com/schemas/virtrdf#qmvcColumnName",8
"https://w3id.org/arco/ontology/context-description/report",8
"http://www.ica.org/standards/RiC/ontology#hasEventType",8
"http://www.ica.org/standards/RiC/ontology#hasTitle",8
"http://www.openlinksw.com/schemas/virtrdf#qmvTableName",8
"http://www.openlinksw.com/schemas/virtrdf#qmvColumns",8
"http://www.openlinksw.com/schemas/virtrdf#qmvColumnsFormKey",8
"http://www.openlinksw.com/schemas/virtrdf#qmvcAlias",8
"http://www.openlinksw.com/schemas/virtrdf#loadAs",7
"https://w3id.org/arco/ontology/denotative-description/hasAccessory",7
"https://w3id.org/arco/ontology/denotative-description/involvesAccompanyingInstrument",7
"https://w3id.org/arco/ontology/arco-lite/iccdNormTag",7
"http://www.openlinksw.com/schemas/virtrdf#qmfValRange-rvrDatatype",7
"http://www.w3.org/ns/sparql-service-description#endpoint",7
"http://www.w3.org/2006/vcard/ns#fn",6
"http://www.ica.org/standards/RiC/ontology#hasLanguage",6
"http://www.openlinksw.com/schemas/virtrdf#qmfDtpOfNiceSqlval",6
"http://www.w3.org/2004/02/skos/core#exactMatch",6
"http://www.openlinksw.com/schemas/virtrdf#qmfShortOfNiceSqlvalTmpl",6
"http://purl.org/goodrelations/v1#hasBusinessFunction",6
"http://www.w3.org/2006/vcard/ns#hasEmail",6
"http://www.w3.org/2006/vcard/ns#value",5
"https://w3id.org/arco/ontology/context-description/hasCulturalContext",5
"http://www.w3.org/2006/vcard/ns#hasTelephone",5
"https://w3id.org/arco/ontology/musical-instrument/HSEdition",5
"http://www.w3.org/2006/vcard/ns#hasURL",5
"http://www.openlinksw.com/schemas/virtrdf#isSpecialPredicate",5
"https://w3id.org/arco/ontology/context-description/hasAssociatedObject",5
"http://www.ica.org/standards/RiC/ontology#isAssociatedWithEvent",5
"https://w3id.org/arco/ontology/catalogue/internationalIdentifier",4
"http://www.ica.org/standards/RiC/ontology#dateRangeBegins",4
"http://www.ica.org/standards/RiC/ontology#recordResourceIsAssociatedWithRecordResource",4
"https://w3id.org/arco/ontology/arco-lite/hasLength",4
"http://www.openlinksw.com/schemas/virtrdf#qmfLanguageTmpl",4
"http://www.w3.org/2002/07/owl#maxQualifiedCardinality",4
"http://www.openlinksw.com/schemas/virtrdf#graph-crud-endpoint",4
"http://www.ica.org/standards/RiC/ontology#hasAppellationType",4
"http://www.ica.org/standards/RiC/ontology#isAssociatedWithDate",4
"http://www.ica.org/standards/RiC/ontology#dateRangeEnds",4
"https://w3id.org/arco/ontology/musical-instrument/hasString",4
"http://www.openlinksw.com/schemas/virtrdf#qmfIsSubformatOfLongWhenRef",4
"http://www.openlinksw.com/schemas/virtrdf#qmvftColumnName",4
"http://www.w3.org/2002/07/owl#maxCardinality",4
"http://www.w3.org/1999/02/22-rdf-syntax-ns#value",4
"http://www.ontologydesignpatterns.org/opla/specializationOfPattern",4
"https://w3id.org/arco/ontology/arco/archaeologicalSiteIdentifier",4
"https://w3id.org/arco/ontology/context-description/hasSex",4
"http://www.ica.org/standards/RiC/ontology#note",4
"http://www.ica.org/standards/RiC/ontology#hasPlaceType",3
"http://www.w3.org/2004/02/skos/core#hiddenLabel",3
"http://www.w3.org/1999/02/22-rdf-syntax-ns#_5",3
"http://www.w3.org/2002/07/owl#intersectionOf",3
"http://purl.org/goodrelations/v1#offers",3
"http://purl.org/goodrelations/v1#amountOfThisGood",3
"http://purl.org/goodrelations/v1#includesObject",3
"http://purl.org/goodrelations/v1#validFrom",3
"https://w3id.org/arco/ontology/arco/hasCulturalPropertyInventoryCategory",3
"https://w3id.org/arco/ontology/context-description/stripRunAndFrameNumber",3
"https://w3id.org/italia/onto/ADMS/hasTask",3
"https://w3id.org/italia/onto/ADMS/semanticAssetInUse",3
"http://www.w3.org/2002/07/owl#onClass",3
"http://www.ica.org/standards/RiC/ontology#recordResourceState",3
"http://www.ica.org/standards/RiC/ontology#source",3
"http://www.ica.org/standards/RiC/ontology#isOriginationOf",3
"http://www.ica.org/standards/RiC/ontology#hasAgentName",3
"http://www.openlinksw.com/schemas/virtrdf#dialect",3
"http://www.openlinksw.com/schemas/virtrdf#qmvftXmlIndex",3
"http://purl.org/goodrelations/v1#availableAtOrFrom",3
"http://purl.org/goodrelations/v1#typeOfGood",3
"http://purl.org/goodrelations/v1#availableDeliveryMethods",3
"https://w3id.org/arco/ontology/context-description/claySpecifications",3
"https://w3id.org/arco/ontology/denotative-description/numberOfChildParticipants",3
"https://w3id.org/italia/onto/ADMS/hasSemanticAssetDistribution",3
"https://w3id.org/arco/ontology/movable-property/hasHostIndividual",3
"https://w3id.org/arco/ontology/denotative-description/hasBandage",3
"https://w3id.org/arco/ontology/natural-specimen-description/hasPhosphorescence",3
"https://w3id.org/arco/ontology/natural-specimen-description/hasHostIndividual",3
"http://www.w3.org/1999/02/22-rdf-syntax-ns#_4",3
"http://www.openlinksw.com/schemas/virtrdf#qsUserMaps",3
"http://purl.org/goodrelations/v1#hasUnitOfMeasurement",3
"http://purl.org/goodrelations/v1#validThrough",3
"http://www.ica.org/standards/RiC/ontology#conditionsOfAccess",3
"http://www.ica.org/standards/RiC/ontology#hasLocation",3
"http://www.ica.org/standards/RiC/ontology#hasRecordSetType",3
"https://w3id.org/arco/ontology/movable-property/hasPhosphorescence",3
"http://www.w3.org/ns/sparql-service-description#extensionAggregate",2
"http://www.w3.org/ns/sparql-service-description#extensionFunction",2
"http://www.w3.org/ns/sparql-service-description#propertyFeature",2
"http://www.ica.org/standards/RiC/ontology#describes",2
"http://www.ica.org/standards/RiC/ontology#contentExtent",2
"http://www.ica.org/standards/RiC/ontology#createdBy",2
"http://www.ica.org/standards/RiC/ontology#heldBy",2
"http://www.ica.org/standards/RiC/ontology#hasIdentifier",2
"http://www.ica.org/standards/RiC/ontology#hasOrigination",2
"http://www.w3.org/2002/07/owl#propertyDisjointWith",2
"https://w3id.org/arco/ontology/movable-property/hasSubstrateType",2
"http://www.openlinksw.com/schemas/virtrdf#version",2
"http://www.openlinksw.com/schemas/virtrdf#qmfExistingShortOfLongTmpl",2
"http://www.openlinksw.com/schemas/virtrdf#qmGraphMap",2
"http://www.openlinksw.com/schemas/virtrdf#qmSubjectMap",2
"http://www.openlinksw.com/schemas/virtrdf#qmPredicateMap",2
"http://www.openlinksw.com/schemas/virtrdf#qmvaAlias",2
"http://www.w3.org/ns/sparql-service-description#url",2
"http://www.w3.org/ns/sparql-service-description#defaultDataset",2
"http://www.w3.org/2001/vcard-rdf/3.0#ADR",2
"http://www.w3.org/2000/01/rdf-schema#isDescribedUsing",2
"https://w3id.org/italia/onto/ADMS/target",2
"http://www.ica.org/standards/RiC/ontology#hasGroupType",2
"http://www.ica.org/standards/RiC/ontology#description",2
"http://www.ica.org/standards/RiC/ontology#hasPlaceName",2
"http://www.ica.org/standards/RiC/ontology#conditionsOfUse",2
"http://www.ica.org/standards/RiC/ontology#noteOnAcquisition",2
"http://www.ica.org/standards/RiC/ontology#scopeAndContent",2
"http://www.ica.org/standards/RiC/ontology#agentHierarchicalRelationHasTarget",2
"http://www.ica.org/standards/RiC/ontology#agentIsTargetOfAgentHierarchicalRelation",2
"http://www.ica.org/standards/RiC/ontology#belongsToCategory",2
"http://www.ica.org/standards/RiC/ontology#authoredBy",2
"http://www.openlinksw.com/schemas/virtrdf#qmf01uriOfShortTmpl",2
"http://www.openlinksw.com/schemas/virtrdf#qmf01blankOfShortTmpl",2
"http://www.openlinksw.com/schemas/virtrdf#qmfExistingShortOfTypedsqlvalTmpl",2
"http://www.openlinksw.com/schemas/virtrdf#qmfExistingShortOfUriTmpl",2
"http://www.openlinksw.com/schemas/virtrdf#qmfIsSubformatOfLongWhenEqToSql",2
"http://www.openlinksw.com/schemas/virtrdf#qmfSubFormatForRefs",2
"http://www.openlinksw.com/schemas/virtrdf#qmfDatatypeTmpl",2
"http://www.openlinksw.com/schemas/virtrdf#qmObjectMap",2
"http://www.openlinksw.com/schemas/virtrdf#qmMatchingFlags",2
"http://www.openlinksw.com/schemas/virtrdf#qmvaTableName",2
"http://www.openlinksw.com/schemas/virtrdf#qmvftAlias",2
"http://www.openlinksw.com/schemas/virtrdf#qmvftConds",2
"http://www.openlinksw.com/schemas/virtrdf#qmvftTableName",2
"http://www.openlinksw.com/schemas/virtrdf#qsMatchingFlags",2
"http://www.w3.org/2002/07/owl#oneOf",2
"http://www.w3.org/2001/vcard-rdf/3.0#Pcode",2
"http://www.w3.org/2001/vcard-rdf/3.0#City",2
"http://purl.org/goodrelations/v1#includes",2
"http://www.w3.org/2000/01/rdf-schema#type",2
"http://www.openlinksw.com/schemas/VSPX#type",2
"http://dati.beniculturali.it/iccd/fotografico/partizioneFondo",2
"https://w3id.org/italia/onto/ADMS/hasKeyClass",2
"https://w3id.org/italia/onto/l0/controlledVocabulary",2
"http://www.openlinksw.com/schemas/virtrdf#isGcResistantType",2
"http://www.openlinksw.com/schemas/virtrdf#qmfExistingShortOfSqlvalTmpl",2
"http://www.openlinksw.com/schemas/virtrdf#qmfWrapDistinct",2
"http://www.openlinksw.com/schemas/virtrdf#qmTableName",2
"http://www.openlinksw.com/schemas/virtrdf#qmvFText",2
"http://www.openlinksw.com/schemas/virtrdf#qmvGeo",2
"http://www.openlinksw.com/schemas/virtrdf#qsDefaultMap",2
"http://www.w3.org/ns/sparql-service-description#defaultGraph",2
"http://www.w3.org/2001/vcard-rdf/3.0#Street",2
"http://www.w3.org/2001/vcard-rdf/3.0#Country",2
"http://www.w3.org/2001/vcard-rdf/3.0#TEL",2
"http://www.w3.org/2001/vcard-rdf/3.0#EMAIL",2
"http://www.openlinksw.com/schemas/VSPX#title",2
"http://www.ica.org/standards/RiC/ontology#isMemberOf",2
"http://www.ica.org/standards/RiC/ontology#agentHierarchicalRelationHasSource",2
"http://dati.beniculturali.it/iccd/fotografico/bibliografia",1
"http://dati.beniculturali.it/iccd/fotografico/mostre",1
"http://dati.beniculturali.it/iccd/fotografico/notizieStoricoCritiche",1
"https://w3id.org/italia/onto/ADMS/acronym",1
"https://w3id.org/italia/onto/ADMS/hasContributor",1
"https://w3id.org/italia/onto/ADMS/hasOntologyLanguage",1
"https://w3id.org/italia/onto/ADMS/status",1
"http://www.w3.org/ns/dcat#themeTaxonomy",1
"http://www.ica.org/standards/RiC/ontology#hasBeginningDate",1
"http://www.ica.org/standards/RiC/ontology#agentOriginationRelationHasSource",1
"http://www.ica.org/standards/RiC/ontology#agentOriginationRelationHasTarget",1
"http://www.ica.org/standards/RiC/ontology#hasLegalStatus",1
"http://www.ica.org/standards/RiC/ontology#hasdentifierType",1
"http://www.ica.org/standards/RiC/ontology#history",1
"http://www.ica.org/standards/RiC/ontology#regulates",1
"http://www.ica.org/standards/RiC/ontology#type",1
"https://w3id.org/arco/ontology/arco-lite/hasTuning",1
"http://www.w3.org/2002/07/owl#backwardCompatibleWith",1
"http://rdfs.org/ns/void#classes",1
"http://rdfs.org/ns/void#properties",1
"http://rdfs.org/ns/void#sparqlEndpoint",1
"http://purl.org/goodrelations/v1#legalName",1
"http://purl.org/goodrelations/v1#hasPriceSpecification",1
"https://w3id.org/arco/ontology/context-description/inventoryLocation",1
"http://dati.beniculturali.it/iccd/fotografico/relazioni",1
"https://w3id.org/italia/onto/ADMS/prefix",1
"http://www.ica.org/standards/RiC/ontology#arrangement",1
"http://www.ica.org/standards/RiC/ontology#hasEndDate",1
"http://www.ica.org/standards/RiC/ontology#agentIsTargetOfAgentOriginationRelation",1
"http://www.ica.org/standards/RiC/ontology#isRegulatedBy",1
"http://www.openlinksw.com/schemas/virtrdf#qmfValRange-rvrLanguage",1
"http://www.w3.org/ns/prov#wasDerivedFrom",1
"http://dati.beniculturali.it/iccd/fotografico/nrFotoOriginale",1
"https://w3id.org/italia/onto/ADMS/hasFormalityLevel",1
"https://w3id.org/italia/onto/ADMS/officialURI",1
"https://w3id.org/italia/onto/ADMS/type",1
"http://www.ica.org/standards/RiC/ontology#hasRepresentationType",1
"https://w3id.org/italia/onto/CLV/hasRankOrder",1
"http://www.w3.org/2002/07/owl#priorVersion",1
"http://www.w3.org/2002/07/owl#cardinality",1
"http://www.bigdata.com/rdf#/features/KB/Namespace",1
"http://rdfs.org/ns/void#entities",1
"http://rdfs.org/ns/void#uriRegexPattern",1
"http://www.openlinksw.com/schemas/virtrdf#catName",1
"http://purl.org/goodrelations/v1#BusinessEntity",1
"http://xmlns.com/foaf/0.1/logo",1
"http://www.ica.org/standards/RiC/ontology#hasPrevious",1
"http://www.ica.org/standards/RiC/ontology#creationDate",1
"http://www.ica.org/standards/RiC/ontology#describedBy",1
"http://www.ica.org/standards/RiC/ontology#publicationDate",1
"http://www.ica.org/standards/RiC/ontology#lastUpdateDate",1
"http://www.ica.org/standards/RiC/ontology#hasJurisdiction",1
"http://www.ica.org/standards/RiC/ontology#hasCarrierType",1
