,c
0,http://dati.beniculturali.it/cis/ArchaeologicalArea
1,http://dati.beniculturali.it/cis/ArchaeologicalPark
2,http://dati.beniculturali.it/cis/Attribute
3,http://dati.beniculturali.it/cis/AudioObject
4,http://dati.beniculturali.it/cis/CISNameInTime
5,http://dati.beniculturali.it/cis/CISService
6,http://dati.beniculturali.it/cis/CISType
7,http://dati.beniculturali.it/cis/Catalogue
8,http://dati.beniculturali.it/cis/Cinema
9,http://dati.beniculturali.it/cis/ClericalAdministrativeArea
10,http://dati.beniculturali.it/cis/CollectionCulEnt
11,http://dati.beniculturali.it/cis/CreativeWork
12,http://dati.beniculturali.it/cis/CultResearchCenter
13,http://dati.beniculturali.it/cis/CulturalEntity
14,http://dati.beniculturali.it/cis/CulturalEvent
15,http://dati.beniculturali.it/cis/CulturalHeritageObject
16,http://dati.beniculturali.it/cis/CulturalInstituteOrSite
17,http://dati.beniculturali.it/cis/CulturalLandscapeAsset
18,http://dati.beniculturali.it/cis/CulturalProject
19,http://dati.beniculturali.it/cis/Equipment
20,http://dati.beniculturali.it/cis/GeographicalFeature
21,http://dati.beniculturali.it/cis/GovernamentalAdministrativeArea
22,http://dati.beniculturali.it/cis/HolderOfArchive
23,http://dati.beniculturali.it/cis/ImageObject
24,http://dati.beniculturali.it/cis/Library
25,http://dati.beniculturali.it/cis/MonumentalArea
26,http://dati.beniculturali.it/cis/Museum
27,http://dati.beniculturali.it/cis/NameInTime
28,http://dati.beniculturali.it/cis/NewsArticle
29,http://dati.beniculturali.it/cis/Site
30,http://dati.beniculturali.it/cis/SiteDescription
31,http://dati.beniculturali.it/cis/SubjectDiscipline
32,http://dati.beniculturali.it/cis/Theatre
33,http://dati.beniculturali.it/cis/VideoObject
34,http://dati.beniculturali.it/iccd/fotografico/Conservatore
35,http://dati.beniculturali.it/iccd/fotografico/DefinizioneOggetto
36,http://dati.beniculturali.it/iccd/fotografico/Foto
37,http://dati.beniculturali.it/iccd/fotografico/LivelloDescrizione
38,http://dati.beniculturali.it/iccd/fotografico/Luogo
39,http://dati.beniculturali.it/iccd/fotografico/Produttore
40,http://dati.beniculturali.it/iccd/fotografico/UnitaDescrizione
41,http://dati.gov.it/onto/dcatapit#Agent
42,http://dati.gov.it/onto/dcatapit#Organization
43,http://www.cidoc-crm.org/cidoc-crm/E11_Modification
44,http://www.cidoc-crm.org/cidoc-crm/E30_Right
45,http://www.cidoc-crm.org/cidoc-crm/E34_Inscription
46,http://www.cidoc-crm.org/cidoc-crm/E35_Title
47,http://www.cidoc-crm.org/cidoc-crm/E37_Mark
48,http://www.cidoc-crm.org/cidoc-crm/E3_Condition_State
49,http://www.cidoc-crm.org/cidoc-crm/E8_Acquisition
50,http://www.europeana.eu/schemas/edm/PhysicalThing
51,http://www.ontologydesignpatterns.org/ont/d0.owl#Topic
52,http://www.ontologydesignpatterns.org/ont/dul/DUL.owl#Collection
53,http://www.ontologydesignpatterns.org/ont/dul/DUL.owl#Concept
54,http://www.ontologydesignpatterns.org/ont/dul/DUL.owl#Description
55,http://www.ontologydesignpatterns.org/ont/dul/DUL.owl#InformationEntity
56,http://www.ontologydesignpatterns.org/ont/dul/DUL.owl#PhysicalObject
57,http://www.ontologydesignpatterns.org/ont/dul/DUL.owl#Situation
58,http://www.ontologydesignpatterns.org/ont/dul/DUL.owl#TimeInterval
59,http://www.w3.org/2002/07/owl#Nothing
60,http://www.w3.org/2002/07/owl#Thing
61,http://www.w3.org/2006/vcard/ns#Organization
62,http://www.w3.org/ns/prov#EntityInfluence
63,http://xmlns.com/foaf/0.1/Agent
64,https://w3id.org/arco/ontology/arco-lite/CoinIssuance
65,https://w3id.org/arco/ontology/arco-lite/CrystallographicCharacteristic
66,https://w3id.org/arco/ontology/arco/AlternativeMusicalInstrumentClassification
67,https://w3id.org/arco/ontology/arco/ArchaeologicalMaterial
68,https://w3id.org/arco/ontology/arco/ArchaeologicalMaterialCategory
69,https://w3id.org/arco/ontology/arco/ArchaeologicalProperty
70,https://w3id.org/arco/ontology/arco/ArchitecturalOrLandscapeHeritage
71,https://w3id.org/arco/ontology/arco/BotanicalHeritage
72,https://w3id.org/arco/ontology/arco/CartographicClassification
73,https://w3id.org/arco/ontology/arco/CartographicSymbol
74,https://w3id.org/arco/ontology/arco/CartographicTheme
75,https://w3id.org/arco/ontology/arco/ComplexCulturalProperty
76,https://w3id.org/arco/ontology/arco/CulturalProperty
77,https://w3id.org/arco/ontology/arco/CulturalPropertyCataloguingCategory
78,https://w3id.org/arco/ontology/arco/CulturalPropertyCategory
79,https://w3id.org/arco/ontology/arco/CulturalPropertyCollection
80,https://w3id.org/arco/ontology/arco/CulturalPropertyComponent
81,https://w3id.org/arco/ontology/arco/CulturalPropertyInventoryCategory
82,https://w3id.org/arco/ontology/arco/CulturalPropertyPart
83,https://w3id.org/arco/ontology/arco/CulturalPropertyResidual
84,https://w3id.org/arco/ontology/arco/DemoEthnoAnthropologicalHeritage
85,https://w3id.org/arco/ontology/arco/HistoricOrArtisticProperty
86,https://w3id.org/arco/ontology/arco/HornbostelSachsClassification
87,https://w3id.org/arco/ontology/arco/ImmovableCulturalProperty
88,https://w3id.org/arco/ontology/arco/IntangibleCulturalProperty
89,https://w3id.org/arco/ontology/arco/MibacScopeOfProtection
90,https://w3id.org/arco/ontology/arco/MineralHeritage
91,https://w3id.org/arco/ontology/arco/MovableCulturalProperty
92,https://w3id.org/arco/ontology/arco/MusicHeritage
93,https://w3id.org/arco/ontology/arco/MusicalInstrumentClassification
94,https://w3id.org/arco/ontology/arco/NaturalHeritage
95,https://w3id.org/arco/ontology/arco/NumismaticProperty
96,https://w3id.org/arco/ontology/arco/NumismaticPropertyCategory
97,https://w3id.org/arco/ontology/arco/NumismaticPropertyFunctionalCategory
98,https://w3id.org/arco/ontology/arco/NumismaticPropertyTypologicalCategory
99,https://w3id.org/arco/ontology/arco/PalaeontologicalHeritage
100,https://w3id.org/arco/ontology/arco/PetrologicHeritage
101,https://w3id.org/arco/ontology/arco/PhotographicHeritage
102,https://w3id.org/arco/ontology/arco/PhotographicHeritageClassification
103,https://w3id.org/arco/ontology/arco/PhotographicHeritageClassificationType
104,https://w3id.org/arco/ontology/arco/PlanetaryScienceHeritage
105,https://w3id.org/arco/ontology/arco/RFId
106,https://w3id.org/arco/ontology/arco/ReferenceCoinLegend
107,https://w3id.org/arco/ontology/arco/ScientificOrTechnologicalHeritage
108,https://w3id.org/arco/ontology/arco/TangibleCulturalProperty
109,https://w3id.org/arco/ontology/arco/ThematicCategory
110,https://w3id.org/arco/ontology/arco/ZoologicalHeritage
111,https://w3id.org/arco/ontology/catalogue/AccessProfile
112,https://w3id.org/arco/ontology/catalogue/AdditionalForm
113,https://w3id.org/arco/ontology/catalogue/AdditionalFormType
114,https://w3id.org/arco/ontology/catalogue/AlternativeIdentifier
115,https://w3id.org/arco/ontology/catalogue/CatalogueRecord
116,https://w3id.org/arco/ontology/catalogue/CatalogueRecordA
117,https://w3id.org/arco/ontology/catalogue/CatalogueRecordAT
118,https://w3id.org/arco/ontology/catalogue/CatalogueRecordBDI
119,https://w3id.org/arco/ontology/catalogue/CatalogueRecordBDM
120,https://w3id.org/arco/ontology/catalogue/CatalogueRecordBNB
121,https://w3id.org/arco/ontology/catalogue/CatalogueRecordBNM
122,https://w3id.org/arco/ontology/catalogue/CatalogueRecordBNP
123,https://w3id.org/arco/ontology/catalogue/CatalogueRecordBNPE
124,https://w3id.org/arco/ontology/catalogue/CatalogueRecordBNPL
125,https://w3id.org/arco/ontology/catalogue/CatalogueRecordBNZ
126,https://w3id.org/arco/ontology/catalogue/CatalogueRecordCA
127,https://w3id.org/arco/ontology/catalogue/CatalogueRecordCF
128,https://w3id.org/arco/ontology/catalogue/CatalogueRecordCG
129,https://w3id.org/arco/ontology/catalogue/CatalogueRecordCNS
130,https://w3id.org/arco/ontology/catalogue/CatalogueRecordD
131,https://w3id.org/arco/ontology/catalogue/CatalogueRecordE
132,https://w3id.org/arco/ontology/catalogue/CatalogueRecordF
133,https://w3id.org/arco/ontology/catalogue/CatalogueRecordFF
134,https://w3id.org/arco/ontology/catalogue/CatalogueRecordMA
135,https://w3id.org/arco/ontology/catalogue/CatalogueRecordMI
136,https://w3id.org/arco/ontology/catalogue/CatalogueRecordMINP
137,https://w3id.org/arco/ontology/catalogue/CatalogueRecordMODI
138,https://w3id.org/arco/ontology/catalogue/CatalogueRecordNU
139,https://w3id.org/arco/ontology/catalogue/CatalogueRecordOA
140,https://w3id.org/arco/ontology/catalogue/CatalogueRecordOAC
141,https://w3id.org/arco/ontology/catalogue/CatalogueRecordPG
142,https://w3id.org/arco/ontology/catalogue/CatalogueRecordPST
143,https://w3id.org/arco/ontology/catalogue/CatalogueRecordRA
144,https://w3id.org/arco/ontology/catalogue/CatalogueRecordS
145,https://w3id.org/arco/ontology/catalogue/CatalogueRecordSAS
146,https://w3id.org/arco/ontology/catalogue/CatalogueRecordSCAN
147,https://w3id.org/arco/ontology/catalogue/CatalogueRecordSI
148,https://w3id.org/arco/ontology/catalogue/CatalogueRecordSM
149,https://w3id.org/arco/ontology/catalogue/CatalogueRecordSMO
150,https://w3id.org/arco/ontology/catalogue/CatalogueRecordTMA
151,https://w3id.org/arco/ontology/catalogue/CatalogueRecordVeAC
152,https://w3id.org/arco/ontology/catalogue/CatalogueRecordVersion
153,https://w3id.org/arco/ontology/catalogue/CataloguingLevel
154,https://w3id.org/arco/ontology/catalogue/ComplexCPCatalogueRecord
155,https://w3id.org/arco/ontology/catalogue/CulturalPropertyRecord
156,https://w3id.org/arco/ontology/catalogue/InformationForm
157,https://w3id.org/arco/ontology/catalogue/PrivacyLevel
158,https://w3id.org/arco/ontology/catalogue/PrivacyReason
159,https://w3id.org/arco/ontology/cataloguing-campaign/ActivityStatus
160,https://w3id.org/arco/ontology/cataloguing-campaign/Application
161,https://w3id.org/arco/ontology/cataloguing-campaign/ApplicationStatus
162,https://w3id.org/arco/ontology/cataloguing-campaign/CampaignStatus
163,https://w3id.org/arco/ontology/cataloguing-campaign/CampaignType
164,https://w3id.org/arco/ontology/cataloguing-campaign/CatalogueNumbersAssignment
165,https://w3id.org/arco/ontology/cataloguing-campaign/CataloguingActivity
166,https://w3id.org/arco/ontology/cataloguing-campaign/CataloguingOrDigitizationCampaign
167,https://w3id.org/arco/ontology/cataloguing-campaign/OrganizationType
168,https://w3id.org/arco/ontology/cataloguing-campaign/Protocol
169,https://w3id.org/arco/ontology/cataloguing-campaign/Status
170,https://w3id.org/arco/ontology/construction-description/ArchitecturalElement
171,https://w3id.org/arco/ontology/construction-description/ArchitecturalEnsemble
172,https://w3id.org/arco/ontology/construction-description/ArchitecturalOrder
173,https://w3id.org/arco/ontology/construction-description/Building
174,https://w3id.org/arco/ontology/construction-description/Built-inFurnishingElement
175,https://w3id.org/arco/ontology/construction-description/Chimney
176,https://w3id.org/arco/ontology/construction-description/ConnectionElement
177,https://w3id.org/arco/ontology/construction-description/Construction
178,https://w3id.org/arco/ontology/construction-description/ConstructionDesign
179,https://w3id.org/arco/ontology/construction-description/ConstructionElement
180,https://w3id.org/arco/ontology/construction-description/ConstructionPart
181,https://w3id.org/arco/ontology/construction-description/ConstructionSpace
182,https://w3id.org/arco/ontology/construction-description/Covering
183,https://w3id.org/arco/ontology/construction-description/CoveringType
184,https://w3id.org/arco/ontology/construction-description/Door
185,https://w3id.org/arco/ontology/construction-description/ElevationLayout
186,https://w3id.org/arco/ontology/construction-description/Escalator
187,https://w3id.org/arco/ontology/construction-description/Floor
188,https://w3id.org/arco/ontology/construction-description/Flooring
189,https://w3id.org/arco/ontology/construction-description/FlooringLayout
190,https://w3id.org/arco/ontology/construction-description/FlooringType
191,https://w3id.org/arco/ontology/construction-description/Foundation
192,https://w3id.org/arco/ontology/construction-description/FoundationType
193,https://w3id.org/arco/ontology/construction-description/FurnishingElement
194,https://w3id.org/arco/ontology/construction-description/HorizontalElement
195,https://w3id.org/arco/ontology/construction-description/HorizontalElementType
196,https://w3id.org/arco/ontology/construction-description/HorizontalSubdivision
197,https://w3id.org/arco/ontology/construction-description/InteriorSubdivision
198,https://w3id.org/arco/ontology/construction-description/Layout
199,https://w3id.org/arco/ontology/construction-description/Lift
200,https://w3id.org/arco/ontology/construction-description/ModeOfIrrigation
201,https://w3id.org/arco/ontology/construction-description/MovableFurnishingElement
202,https://w3id.org/arco/ontology/construction-description/MovingWalkway
203,https://w3id.org/arco/ontology/construction-description/NaturalElement
204,https://w3id.org/arco/ontology/construction-description/OpenSpace
205,https://w3id.org/arco/ontology/construction-description/OpeningSystem
206,https://w3id.org/arco/ontology/construction-description/PlanLayout
207,https://w3id.org/arco/ontology/construction-description/Railing
208,https://w3id.org/arco/ontology/construction-description/Ramp
209,https://w3id.org/arco/ontology/construction-description/Roof
210,https://w3id.org/arco/ontology/construction-description/RoofStructure
211,https://w3id.org/arco/ontology/construction-description/RoofType
212,https://w3id.org/arco/ontology/construction-description/Roofing
213,https://w3id.org/arco/ontology/construction-description/RoofingType
214,https://w3id.org/arco/ontology/construction-description/Room
215,https://w3id.org/arco/ontology/construction-description/ShadingDevice
216,https://w3id.org/arco/ontology/construction-description/Stair
217,https://w3id.org/arco/ontology/construction-description/Stairs
218,https://w3id.org/arco/ontology/construction-description/StructuralElement
219,https://w3id.org/arco/ontology/construction-description/TechnicalSystem
220,https://w3id.org/arco/ontology/construction-description/TransportElement
221,https://w3id.org/arco/ontology/construction-description/VerticalConnection
222,https://w3id.org/arco/ontology/construction-description/VerticalConnectionType
223,https://w3id.org/arco/ontology/construction-description/VerticalElement
224,https://w3id.org/arco/ontology/construction-description/VerticalElementType
225,https://w3id.org/arco/ontology/construction-description/VerticalSubdivision
226,https://w3id.org/arco/ontology/construction-description/WaterAvailability
227,https://w3id.org/arco/ontology/construction-description/WaterDistributionType
228,https://w3id.org/arco/ontology/construction-description/WaterElement
229,https://w3id.org/arco/ontology/construction-description/WaterSystem
230,https://w3id.org/arco/ontology/construction-description/WaterSystemType
231,https://w3id.org/arco/ontology/construction-description/Window
232,https://w3id.org/arco/ontology/construction-description/WindowType
233,https://w3id.org/arco/ontology/context-description/Acquisition
234,https://w3id.org/arco/ontology/context-description/AcquisitionType
235,https://w3id.org/arco/ontology/context-description/AgeInterpretation
236,https://w3id.org/arco/ontology/context-description/AgeOfDeathInterpretation
237,https://w3id.org/arco/ontology/context-description/AgeType
238,https://w3id.org/arco/ontology/context-description/AlternativeAuthorshipAttribution
239,https://w3id.org/arco/ontology/context-description/AlternativeDating
240,https://w3id.org/arco/ontology/context-description/AlternativeDatingType
241,https://w3id.org/arco/ontology/context-description/Anomaly
242,https://w3id.org/arco/ontology/context-description/AnomalyOrigin
243,https://w3id.org/arco/ontology/context-description/AnomalyType
244,https://w3id.org/arco/ontology/context-description/ArchaeologicalExcavation
245,https://w3id.org/arco/ontology/context-description/ArchaeologicalFieldSurvey
246,https://w3id.org/arco/ontology/context-description/ArchaeologicalPropertySurvey
247,https://w3id.org/arco/ontology/context-description/ArchaeologicalPropertySurveyType
248,https://w3id.org/arco/ontology/context-description/ArchaeometricDiagnosticSurvey
249,https://w3id.org/arco/ontology/context-description/ArchaeometricDiagnosticSurveyType
250,https://w3id.org/arco/ontology/context-description/ArchivalFonds
251,https://w3id.org/arco/ontology/context-description/ArchivalRecord
252,https://w3id.org/arco/ontology/context-description/ArchivalRecordSet
253,https://w3id.org/arco/ontology/context-description/ArchivalRecordSetMembership
254,https://w3id.org/arco/ontology/context-description/ArchivalSeries
255,https://w3id.org/arco/ontology/context-description/ArchivalSubseries
256,https://w3id.org/arco/ontology/context-description/AudioDocumentation
257,https://w3id.org/arco/ontology/context-description/AuthorshipAttribution
258,https://w3id.org/arco/ontology/context-description/Bibliography
259,https://w3id.org/arco/ontology/context-description/BibliographyCategory
260,https://w3id.org/arco/ontology/context-description/BibliographyType
261,https://w3id.org/arco/ontology/context-description/BiologicalTaxon
262,https://w3id.org/arco/ontology/context-description/BiologicalTaxonomy
263,https://w3id.org/arco/ontology/context-description/ChangeOfAvailability
264,https://w3id.org/arco/ontology/context-description/ChangeOfAvailabilityType
265,https://w3id.org/arco/ontology/context-description/Circumstance
266,https://w3id.org/arco/ontology/context-description/CircumstanceType
267,https://w3id.org/arco/ontology/context-description/CoinIssuance
268,https://w3id.org/arco/ontology/context-description/CollectionMembership
269,https://w3id.org/arco/ontology/context-description/Commission
270,https://w3id.org/arco/ontology/context-description/Competition
271,https://w3id.org/arco/ontology/context-description/ConservationIntervention
272,https://w3id.org/arco/ontology/context-description/Copy
273,https://w3id.org/arco/ontology/context-description/Copyright
274,https://w3id.org/arco/ontology/context-description/CulturalPropertyEstimate
275,https://w3id.org/arco/ontology/context-description/CulturalPropertyPlanning
276,https://w3id.org/arco/ontology/context-description/CulturalPropertyRealization
277,https://w3id.org/arco/ontology/context-description/CulturalPropertyStage
278,https://w3id.org/arco/ontology/context-description/CulturalScope
279,https://w3id.org/arco/ontology/context-description/CulturalScopeAttribution
280,https://w3id.org/arco/ontology/context-description/CurrentInventory
281,https://w3id.org/arco/ontology/context-description/Dating
282,https://w3id.org/arco/ontology/context-description/DerivatedWork
283,https://w3id.org/arco/ontology/context-description/DerivatedWorkType
284,https://w3id.org/arco/ontology/context-description/DetectionMethod
285,https://w3id.org/arco/ontology/context-description/Documentation
286,https://w3id.org/arco/ontology/context-description/DocumentationCategory
287,https://w3id.org/arco/ontology/context-description/DocumentationType
288,https://w3id.org/arco/ontology/context-description/Edition
289,https://w3id.org/arco/ontology/context-description/EligibleIntervention
290,https://w3id.org/arco/ontology/context-description/Estimate
291,https://w3id.org/arco/ontology/context-description/ExpiredCopyright
292,https://w3id.org/arco/ontology/context-description/ExportImportCertification
293,https://w3id.org/arco/ontology/context-description/ExportImportCertificationType
294,https://w3id.org/arco/ontology/context-description/Facsimile
295,https://w3id.org/arco/ontology/context-description/FairMarketCircumstance
296,https://w3id.org/arco/ontology/context-description/FilmDocumentation
297,https://w3id.org/arco/ontology/context-description/FinalWork
298,https://w3id.org/arco/ontology/context-description/FindingContext
299,https://w3id.org/arco/ontology/context-description/FindingContextType
300,https://w3id.org/arco/ontology/context-description/Forgery
301,https://w3id.org/arco/ontology/context-description/Format
302,https://w3id.org/arco/ontology/context-description/Fruition
303,https://w3id.org/arco/ontology/context-description/Genus
304,https://w3id.org/arco/ontology/context-description/GraphicOrCartographicDocumentation
305,https://w3id.org/arco/ontology/context-description/Herbarium
306,https://w3id.org/arco/ontology/context-description/IndeterminateCircumstance
307,https://w3id.org/arco/ontology/context-description/Inspection
308,https://w3id.org/arco/ontology/context-description/Interpretation
309,https://w3id.org/arco/ontology/context-description/InterpretationCriterion
310,https://w3id.org/arco/ontology/context-description/Intervention
311,https://w3id.org/arco/ontology/context-description/InterventionType
312,https://w3id.org/arco/ontology/context-description/Inventory
313,https://w3id.org/arco/ontology/context-description/InventorySituation
314,https://w3id.org/arco/ontology/context-description/LaboratoryTest
315,https://w3id.org/arco/ontology/context-description/LaboratoryTestType
316,https://w3id.org/arco/ontology/context-description/LegalSituation
317,https://w3id.org/arco/ontology/context-description/LifeCycleCircumstance
318,https://w3id.org/arco/ontology/context-description/Membership
319,https://w3id.org/arco/ontology/context-description/MultimediaDocumentation
320,https://w3id.org/arco/ontology/context-description/NoLongerInPublication
321,https://w3id.org/arco/ontology/context-description/NumismaticSeries
322,https://w3id.org/arco/ontology/context-description/NumismaticSeriesMembership
323,https://w3id.org/arco/ontology/context-description/ObservationSurvey
324,https://w3id.org/arco/ontology/context-description/ObservationSurveyType
325,https://w3id.org/arco/ontology/context-description/PaleopathologySurvey
326,https://w3id.org/arco/ontology/context-description/PhotoInterpretationRendering
327,https://w3id.org/arco/ontology/context-description/PhotographicDocumentation
328,https://w3id.org/arco/ontology/context-description/PhotographicFonds
329,https://w3id.org/arco/ontology/context-description/PhotographicRecordSet
330,https://w3id.org/arco/ontology/context-description/PhotographicSeries
331,https://w3id.org/arco/ontology/context-description/PhotographicSeriesMembership
332,https://w3id.org/arco/ontology/context-description/PhotographicSubseries
333,https://w3id.org/arco/ontology/context-description/PreferredAuthorshipAttribution
334,https://w3id.org/arco/ontology/context-description/PreparatoryOrFinalWork
335,https://w3id.org/arco/ontology/context-description/PreparatoryWork
336,https://w3id.org/arco/ontology/context-description/PrintInPublication
337,https://w3id.org/arco/ontology/context-description/PrintingPlatesSeries
338,https://w3id.org/arco/ontology/context-description/PrintingPlatesSeriesMembership
339,https://w3id.org/arco/ontology/context-description/ProductionCycleCircumstance
340,https://w3id.org/arco/ontology/context-description/Profession
341,https://w3id.org/arco/ontology/context-description/ProtectiveMeasure
342,https://w3id.org/arco/ontology/context-description/ReferenceCatalogue
343,https://w3id.org/arco/ontology/context-description/RelatedWorkSituation
344,https://w3id.org/arco/ontology/context-description/Reliability
345,https://w3id.org/arco/ontology/context-description/Reproduction
346,https://w3id.org/arco/ontology/context-description/ReproductionPosition
347,https://w3id.org/arco/ontology/context-description/Research
348,https://w3id.org/arco/ontology/context-description/Responsibility
349,https://w3id.org/arco/ontology/context-description/ResponsibilityType
350,https://w3id.org/arco/ontology/context-description/Reuse
351,https://w3id.org/arco/ontology/context-description/SECCategory
352,https://w3id.org/arco/ontology/context-description/SECIdentifier
353,https://w3id.org/arco/ontology/context-description/SameAuthorCopy
354,https://w3id.org/arco/ontology/context-description/Scale
355,https://w3id.org/arco/ontology/context-description/SeasonCycleCircumstance
356,https://w3id.org/arco/ontology/context-description/SexInterpretation
357,https://w3id.org/arco/ontology/context-description/SocialInteractionCircumstance
358,https://w3id.org/arco/ontology/context-description/SourceAndDocument
359,https://w3id.org/arco/ontology/context-description/Species
360,https://w3id.org/arco/ontology/context-description/SpecimenCollection
361,https://w3id.org/arco/ontology/context-description/SpecimenCollectionMembership
362,https://w3id.org/arco/ontology/context-description/StratigraphicUnit
363,https://w3id.org/arco/ontology/context-description/Subject
364,https://w3id.org/arco/ontology/context-description/Subspecies
365,https://w3id.org/arco/ontology/context-description/Survey
366,https://w3id.org/arco/ontology/context-description/SurveyImage
367,https://w3id.org/arco/ontology/context-description/SurveyImageType
368,https://w3id.org/arco/ontology/context-description/SurveyMethod
369,https://w3id.org/arco/ontology/context-description/SurveyMotivation
370,https://w3id.org/arco/ontology/context-description/SurveyType
371,https://w3id.org/arco/ontology/context-description/Title
372,https://w3id.org/arco/ontology/context-description/TitleType
373,https://w3id.org/arco/ontology/context-description/Tomb
374,https://w3id.org/arco/ontology/context-description/UrbanPlanningInstrument
375,https://w3id.org/arco/ontology/context-description/Use
376,https://w3id.org/arco/ontology/context-description/UseFunction
377,https://w3id.org/arco/ontology/context-description/UseType
378,https://w3id.org/arco/ontology/context-description/UseTypeSpecification
379,https://w3id.org/arco/ontology/context-description/UserSocialCategory
380,https://w3id.org/arco/ontology/context-description/WorkCircumstance
381,https://w3id.org/arco/ontology/context-description/YearCycleCircumstance
382,https://w3id.org/arco/ontology/core/AgentRole
383,https://w3id.org/arco/ontology/core/Category
384,https://w3id.org/arco/ontology/core/Classification
385,https://w3id.org/arco/ontology/core/ClassificationInTime
386,https://w3id.org/arco/ontology/core/Concept
387,https://w3id.org/arco/ontology/core/CulturalEntityCharacteristic
388,https://w3id.org/arco/ontology/core/CulturalEntityClassification
389,https://w3id.org/arco/ontology/core/Event
390,https://w3id.org/arco/ontology/core/Method
391,https://w3id.org/arco/ontology/core/Situation
392,https://w3id.org/arco/ontology/core/TimeIndexedClassification
393,https://w3id.org/arco/ontology/core/TimeIndexedEvent
394,https://w3id.org/arco/ontology/core/TimeIndexedSituation
395,https://w3id.org/arco/ontology/core/Type
396,https://w3id.org/arco/ontology/cultural-event/Exhibition
397,https://w3id.org/arco/ontology/cultural-event/RecurrentEvent
398,https://w3id.org/arco/ontology/cultural-event/RecurrentTimePeriod
399,https://w3id.org/arco/ontology/cultural-event/TimePeriod
400,https://w3id.org/arco/ontology/cultural-event/TimePeriodMeasurementUnit
401,https://w3id.org/arco/ontology/cultural-event/UnifyingFactor
402,https://w3id.org/arco/ontology/denotative-description/Accessory
403,https://w3id.org/arco/ontology/denotative-description/AffixedElement
404,https://w3id.org/arco/ontology/denotative-description/AffixedElementType
405,https://w3id.org/arco/ontology/denotative-description/AgeRange
406,https://w3id.org/arco/ontology/denotative-description/Brand
407,https://w3id.org/arco/ontology/denotative-description/ClimateSituation
408,https://w3id.org/arco/ontology/denotative-description/CoatOfArms
409,https://w3id.org/arco/ontology/denotative-description/CoinDesign
410,https://w3id.org/arco/ontology/denotative-description/CoinLegend
411,https://w3id.org/arco/ontology/denotative-description/CommunicationMedium
412,https://w3id.org/arco/ontology/denotative-description/CommunicationMediumType
413,https://w3id.org/arco/ontology/denotative-description/ConservationStatus
414,https://w3id.org/arco/ontology/denotative-description/ConservationStatusType
415,https://w3id.org/arco/ontology/denotative-description/Counterstamp
416,https://w3id.org/arco/ontology/denotative-description/CulturalEntityTechnicalDescription
417,https://w3id.org/arco/ontology/denotative-description/CulturalEntityTechnicalStatus
418,https://w3id.org/arco/ontology/denotative-description/CulturalPropertyAccessibility
419,https://w3id.org/arco/ontology/denotative-description/CulturalPropertyAvailability
420,https://w3id.org/arco/ontology/denotative-description/CulturalPropertyDefinition
421,https://w3id.org/arco/ontology/denotative-description/CulturalPropertySpecification
422,https://w3id.org/arco/ontology/denotative-description/CulturalPropertyType
423,https://w3id.org/arco/ontology/denotative-description/Dedication
424,https://w3id.org/arco/ontology/denotative-description/DesignationInTime
425,https://w3id.org/arco/ontology/denotative-description/DesignationType
426,https://w3id.org/arco/ontology/denotative-description/Emblem
427,https://w3id.org/arco/ontology/denotative-description/Environment
428,https://w3id.org/arco/ontology/denotative-description/FontStyle
429,https://w3id.org/arco/ontology/denotative-description/FunctionalPurpose
430,https://w3id.org/arco/ontology/denotative-description/HistoricalPlaque
431,https://w3id.org/arco/ontology/denotative-description/IconographicOrDecorativeApparatus
432,https://w3id.org/arco/ontology/denotative-description/IconographicOrDecorativeApparatusType
433,https://w3id.org/arco/ontology/denotative-description/ImplementationMethod
434,https://w3id.org/arco/ontology/denotative-description/Inscription
435,https://w3id.org/arco/ontology/denotative-description/Legibility
436,https://w3id.org/arco/ontology/denotative-description/Logo
437,https://w3id.org/arco/ontology/denotative-description/Measurement
438,https://w3id.org/arco/ontology/denotative-description/MeasurementCollection
439,https://w3id.org/arco/ontology/denotative-description/MeasurementType
440,https://w3id.org/arco/ontology/denotative-description/NaturalEnvironment
441,https://w3id.org/arco/ontology/denotative-description/Orientation
442,https://w3id.org/arco/ontology/denotative-description/OrnamentalMotif
443,https://w3id.org/arco/ontology/denotative-description/SampleCollected
444,https://w3id.org/arco/ontology/denotative-description/SampleCollectedType
445,https://w3id.org/arco/ontology/denotative-description/Soil
446,https://w3id.org/arco/ontology/denotative-description/SoilUse
447,https://w3id.org/arco/ontology/denotative-description/Stamp
448,https://w3id.org/arco/ontology/denotative-description/Support
449,https://w3id.org/arco/ontology/denotative-description/TechnicalCharacteristic
450,https://w3id.org/arco/ontology/denotative-description/TechnicalConcept
451,https://w3id.org/arco/ontology/denotative-description/TechnicalDetailOccurrence
452,https://w3id.org/arco/ontology/denotative-description/WritingSystem
453,https://w3id.org/arco/ontology/immovable-property/ArchitecturalElement
454,https://w3id.org/arco/ontology/immovable-property/ArchitecturalEnsemble
455,https://w3id.org/arco/ontology/immovable-property/ArchitecturalOrder
456,https://w3id.org/arco/ontology/immovable-property/Building
457,https://w3id.org/arco/ontology/immovable-property/Built-inFurnishingElement
458,https://w3id.org/arco/ontology/immovable-property/Chimney
459,https://w3id.org/arco/ontology/immovable-property/ConnectionElement
460,https://w3id.org/arco/ontology/immovable-property/Construction
461,https://w3id.org/arco/ontology/immovable-property/ConstructionDesign
462,https://w3id.org/arco/ontology/immovable-property/ConstructionElement
463,https://w3id.org/arco/ontology/immovable-property/ConstructionPart
464,https://w3id.org/arco/ontology/immovable-property/ConstructionSpace
465,https://w3id.org/arco/ontology/immovable-property/Covering
466,https://w3id.org/arco/ontology/immovable-property/CoveringType
467,https://w3id.org/arco/ontology/immovable-property/Door
468,https://w3id.org/arco/ontology/immovable-property/ElevationLayout
469,https://w3id.org/arco/ontology/immovable-property/Escalator
470,https://w3id.org/arco/ontology/immovable-property/Floor
471,https://w3id.org/arco/ontology/immovable-property/Flooring
472,https://w3id.org/arco/ontology/immovable-property/FlooringLayout
473,https://w3id.org/arco/ontology/immovable-property/FlooringType
474,https://w3id.org/arco/ontology/immovable-property/Foundation
475,https://w3id.org/arco/ontology/immovable-property/FoundationType
476,https://w3id.org/arco/ontology/immovable-property/FurnishingElement
477,https://w3id.org/arco/ontology/immovable-property/HorizontalElement
478,https://w3id.org/arco/ontology/immovable-property/HorizontalElementType
479,https://w3id.org/arco/ontology/immovable-property/HorizontalSubdivision
480,https://w3id.org/arco/ontology/immovable-property/InteriorSubdivision
481,https://w3id.org/arco/ontology/immovable-property/Layout
482,https://w3id.org/arco/ontology/immovable-property/Lift
483,https://w3id.org/arco/ontology/immovable-property/ModeOfIrrigation
484,https://w3id.org/arco/ontology/immovable-property/MovableFurnishingElement
485,https://w3id.org/arco/ontology/immovable-property/MovingWalkway
486,https://w3id.org/arco/ontology/immovable-property/NaturalElement
487,https://w3id.org/arco/ontology/immovable-property/OpenSpace
488,https://w3id.org/arco/ontology/immovable-property/OpeningSystem
489,https://w3id.org/arco/ontology/immovable-property/PlanLayout
490,https://w3id.org/arco/ontology/immovable-property/Railing
491,https://w3id.org/arco/ontology/immovable-property/Ramp
492,https://w3id.org/arco/ontology/immovable-property/Roof
493,https://w3id.org/arco/ontology/immovable-property/RoofStructure
494,https://w3id.org/arco/ontology/immovable-property/RoofType
495,https://w3id.org/arco/ontology/immovable-property/Roofing
496,https://w3id.org/arco/ontology/immovable-property/RoofingType
497,https://w3id.org/arco/ontology/immovable-property/Room
498,https://w3id.org/arco/ontology/immovable-property/ShadingDevice
499,https://w3id.org/arco/ontology/immovable-property/Stairs
500,https://w3id.org/arco/ontology/immovable-property/StructuralElement
501,https://w3id.org/arco/ontology/immovable-property/TechnicalSystem
502,https://w3id.org/arco/ontology/immovable-property/TransportElement
503,https://w3id.org/arco/ontology/immovable-property/VerticalConnection
504,https://w3id.org/arco/ontology/immovable-property/VerticalConnectionType
505,https://w3id.org/arco/ontology/immovable-property/VerticalElement
506,https://w3id.org/arco/ontology/immovable-property/VerticalElementType
507,https://w3id.org/arco/ontology/immovable-property/VerticalSubdivision
508,https://w3id.org/arco/ontology/immovable-property/WaterAvailability
509,https://w3id.org/arco/ontology/immovable-property/WaterDistributionType
510,https://w3id.org/arco/ontology/immovable-property/WaterElement
511,https://w3id.org/arco/ontology/immovable-property/WaterSystem
512,https://w3id.org/arco/ontology/immovable-property/WaterSystemType
513,https://w3id.org/arco/ontology/immovable-property/Window
514,https://w3id.org/arco/ontology/immovable-property/WindowType
515,https://w3id.org/arco/ontology/location/Altitude
516,https://w3id.org/arco/ontology/location/BaseMap
517,https://w3id.org/arco/ontology/location/CadastralEntity
518,https://w3id.org/arco/ontology/location/CadastralFolio
519,https://w3id.org/arco/ontology/location/CadastralIdentity
520,https://w3id.org/arco/ontology/location/CadastralUnitCollection
521,https://w3id.org/arco/ontology/location/CadastreType
522,https://w3id.org/arco/ontology/location/Continent
523,https://w3id.org/arco/ontology/location/Coordinates
524,https://w3id.org/arco/ontology/location/CulturalInstituteOrSiteDefinition
525,https://w3id.org/arco/ontology/location/CulturalInstituteOrSiteSpecification
526,https://w3id.org/arco/ontology/location/CulturalInstituteOrSiteType
527,https://w3id.org/arco/ontology/location/GeometryMethod
528,https://w3id.org/arco/ontology/location/GeometryTechnique
529,https://w3id.org/arco/ontology/location/LocationType
530,https://w3id.org/arco/ontology/location/NeighbouringCadastralEntity
531,https://w3id.org/arco/ontology/location/OldTown
532,https://w3id.org/arco/ontology/location/OldTownAdmistrativeType
533,https://w3id.org/arco/ontology/location/SiteDefinition
534,https://w3id.org/arco/ontology/location/SiteSpecification
535,https://w3id.org/arco/ontology/location/SiteType
536,https://w3id.org/arco/ontology/location/TimeIndexedTypedLocation
537,https://w3id.org/arco/ontology/location/ToponymInTime
538,https://w3id.org/arco/ontology/location/TypeOfContext
539,https://w3id.org/arco/ontology/location/UrbanArea
540,https://w3id.org/arco/ontology/movable-property/Accession
541,https://w3id.org/arco/ontology/movable-property/AlterationGrade
542,https://w3id.org/arco/ontology/movable-property/AlterationType
543,https://w3id.org/arco/ontology/movable-property/BiogenicSedimentaryStructure
544,https://w3id.org/arco/ontology/movable-property/BiologicalClass
545,https://w3id.org/arco/ontology/movable-property/BiologicalFamily
546,https://w3id.org/arco/ontology/movable-property/BiologicalGenus
547,https://w3id.org/arco/ontology/movable-property/BiologicalKingdom
548,https://w3id.org/arco/ontology/movable-property/BiologicalOrder
549,https://w3id.org/arco/ontology/movable-property/BiologicalPhylum
550,https://w3id.org/arco/ontology/movable-property/BiologicalSpecies
551,https://w3id.org/arco/ontology/movable-property/BiologicalTaxon
552,https://w3id.org/arco/ontology/movable-property/BotanicalForm
553,https://w3id.org/arco/ontology/movable-property/Cement
554,https://w3id.org/arco/ontology/movable-property/ChemicalFormula
555,https://w3id.org/arco/ontology/movable-property/Chondrule
556,https://w3id.org/arco/ontology/movable-property/ChondrulePresence
557,https://w3id.org/arco/ontology/movable-property/ChondruleType
558,https://w3id.org/arco/ontology/movable-property/Chron
559,https://w3id.org/arco/ontology/movable-property/ChronostratigraphicClass
560,https://w3id.org/arco/ontology/movable-property/ChronostratigraphicSeries
561,https://w3id.org/arco/ontology/movable-property/ChronostratigraphicStage
562,https://w3id.org/arco/ontology/movable-property/ChronostratigraphicSubstage
563,https://w3id.org/arco/ontology/movable-property/ChronostratigraphicSystem
564,https://w3id.org/arco/ontology/movable-property/Chronozone
565,https://w3id.org/arco/ontology/movable-property/ClassificationSystem
566,https://w3id.org/arco/ontology/movable-property/Cleavage
567,https://w3id.org/arco/ontology/movable-property/CloseIndividual
568,https://w3id.org/arco/ontology/movable-property/ContactType
569,https://w3id.org/arco/ontology/movable-property/CrystalHabit
570,https://w3id.org/arco/ontology/movable-property/CrystalMorphology
571,https://w3id.org/arco/ontology/movable-property/CrystalTwinning
572,https://w3id.org/arco/ontology/movable-property/CrystallographicCharacteristic
573,https://w3id.org/arco/ontology/movable-property/Cultivar
574,https://w3id.org/arco/ontology/movable-property/EmpiricalChemicalFormula
575,https://w3id.org/arco/ontology/movable-property/Eon
576,https://w3id.org/arco/ontology/movable-property/Eonthem
577,https://w3id.org/arco/ontology/movable-property/Erathem
578,https://w3id.org/arco/ontology/movable-property/EruptiveType
579,https://w3id.org/arco/ontology/movable-property/FluidDynamism
580,https://w3id.org/arco/ontology/movable-property/Fossil
581,https://w3id.org/arco/ontology/movable-property/FruitSample
582,https://w3id.org/arco/ontology/movable-property/GeochronologicalAge
583,https://w3id.org/arco/ontology/movable-property/GeochronologicalClass
584,https://w3id.org/arco/ontology/movable-property/GeochronologicalEpoch
585,https://w3id.org/arco/ontology/movable-property/GeochronologicalEra
586,https://w3id.org/arco/ontology/movable-property/GeochronologicalPeriod
587,https://w3id.org/arco/ontology/movable-property/GeochronologicalSubage
588,https://w3id.org/arco/ontology/movable-property/GeologicalContext
589,https://w3id.org/arco/ontology/movable-property/Geotope
590,https://w3id.org/arco/ontology/movable-property/Grains
591,https://w3id.org/arco/ontology/movable-property/HarvestingMethod
592,https://w3id.org/arco/ontology/movable-property/HarvestingMotivation
593,https://w3id.org/arco/ontology/movable-property/HostIndividual
594,https://w3id.org/arco/ontology/movable-property/HostRock
595,https://w3id.org/arco/ontology/movable-property/Incline
596,https://w3id.org/arco/ontology/movable-property/Inclusion
597,https://w3id.org/arco/ontology/movable-property/Label
598,https://w3id.org/arco/ontology/movable-property/LithologicType
599,https://w3id.org/arco/ontology/movable-property/LithostratigraphicBed
600,https://w3id.org/arco/ontology/movable-property/LithostratigraphicClass
601,https://w3id.org/arco/ontology/movable-property/LithostratigraphicComplex
602,https://w3id.org/arco/ontology/movable-property/LithostratigraphicFormation
603,https://w3id.org/arco/ontology/movable-property/LithostratigraphicGroup
604,https://w3id.org/arco/ontology/movable-property/LithostratigraphicMember
605,https://w3id.org/arco/ontology/movable-property/LithostratigraphicSupergroup
606,https://w3id.org/arco/ontology/movable-property/MainMass
607,https://w3id.org/arco/ontology/movable-property/Matrix
608,https://w3id.org/arco/ontology/movable-property/MetallicSpecimen
609,https://w3id.org/arco/ontology/movable-property/Meteorite
610,https://w3id.org/arco/ontology/movable-property/MeteoriteFall
611,https://w3id.org/arco/ontology/movable-property/Mine
612,https://w3id.org/arco/ontology/movable-property/Mineral
613,https://w3id.org/arco/ontology/movable-property/MineralDeposit
614,https://w3id.org/arco/ontology/movable-property/MineralDepositType
615,https://w3id.org/arco/ontology/movable-property/MineralPresence
616,https://w3id.org/arco/ontology/movable-property/MineralogicClass
617,https://w3id.org/arco/ontology/movable-property/MineralogicSpecies
618,https://w3id.org/arco/ontology/movable-property/MineralogicSubclass
619,https://w3id.org/arco/ontology/movable-property/MineralogicTaxon
620,https://w3id.org/arco/ontology/movable-property/NewDanaClassificationSystem
621,https://w3id.org/arco/ontology/movable-property/NotMetallicSpecimen
622,https://w3id.org/arco/ontology/movable-property/OpticCharacteristic
623,https://w3id.org/arco/ontology/movable-property/Outcrop
624,https://w3id.org/arco/ontology/movable-property/OutcropType
625,https://w3id.org/arco/ontology/movable-property/Paramorphosis
626,https://w3id.org/arco/ontology/movable-property/PetrologicTaxon
627,https://w3id.org/arco/ontology/movable-property/PhysicalCharacteristic
628,https://w3id.org/arco/ontology/movable-property/PlanetologicClass
629,https://w3id.org/arco/ontology/movable-property/PlanetologicGenus
630,https://w3id.org/arco/ontology/movable-property/PlanetologicGroup
631,https://w3id.org/arco/ontology/movable-property/PlanetologicSpecies
632,https://w3id.org/arco/ontology/movable-property/PlanetologicTaxon
633,https://w3id.org/arco/ontology/movable-property/PollenSample
634,https://w3id.org/arco/ontology/movable-property/Preparation
635,https://w3id.org/arco/ontology/movable-property/PreparationType
636,https://w3id.org/arco/ontology/movable-property/PreservationType
637,https://w3id.org/arco/ontology/movable-property/PrimarySedimentaryStructure
638,https://w3id.org/arco/ontology/movable-property/Pseudomorphosis
639,https://w3id.org/arco/ontology/movable-property/Reflectance
640,https://w3id.org/arco/ontology/movable-property/Refraction
641,https://w3id.org/arco/ontology/movable-property/RockType
642,https://w3id.org/arco/ontology/movable-property/Sample
643,https://w3id.org/arco/ontology/movable-property/SecodarySedimentaryStructure
644,https://w3id.org/arco/ontology/movable-property/SedimentaryStructure
645,https://w3id.org/arco/ontology/movable-property/SeedSample
646,https://w3id.org/arco/ontology/movable-property/ShadeTolerance
647,https://w3id.org/arco/ontology/movable-property/SimplifiedChemicalFormula
648,https://w3id.org/arco/ontology/movable-property/Specimen
649,https://w3id.org/arco/ontology/movable-property/SpecimenContainer
650,https://w3id.org/arco/ontology/movable-property/SpecimenHarvesting
651,https://w3id.org/arco/ontology/movable-property/StrunzClassificationSystem
652,https://w3id.org/arco/ontology/movable-property/Subspecies
653,https://w3id.org/arco/ontology/movable-property/Substrate
654,https://w3id.org/arco/ontology/movable-property/SubstrateType
655,https://w3id.org/arco/ontology/movable-property/Taxon
656,https://w3id.org/arco/ontology/movable-property/TaxonSpecification
657,https://w3id.org/arco/ontology/movable-property/Texture
658,https://w3id.org/arco/ontology/movable-property/TextureType
659,https://w3id.org/arco/ontology/movable-property/TypeOfTypeSpecimen
660,https://w3id.org/arco/ontology/movable-property/TypeSpecimenIdentification
661,https://w3id.org/arco/ontology/movable-property/UnitCell
662,https://w3id.org/arco/ontology/movable-property/Variety
663,https://w3id.org/arco/ontology/movable-property/WeatheringGrade
664,https://w3id.org/arco/ontology/movable-property/WoodSample
665,https://w3id.org/arco/ontology/natural-specimen-description/Accession
666,https://w3id.org/arco/ontology/natural-specimen-description/AlterationGrade
667,https://w3id.org/arco/ontology/natural-specimen-description/AlterationType
668,https://w3id.org/arco/ontology/natural-specimen-description/BiogenicSedimentaryStructure
669,https://w3id.org/arco/ontology/natural-specimen-description/BiologicalClass
670,https://w3id.org/arco/ontology/natural-specimen-description/BiologicalFamily
671,https://w3id.org/arco/ontology/natural-specimen-description/BiologicalGenus
672,https://w3id.org/arco/ontology/natural-specimen-description/BiologicalKingdom
673,https://w3id.org/arco/ontology/natural-specimen-description/BiologicalOrder
674,https://w3id.org/arco/ontology/natural-specimen-description/BiologicalPhylum
675,https://w3id.org/arco/ontology/natural-specimen-description/BiologicalSpecies
676,https://w3id.org/arco/ontology/natural-specimen-description/BiologicalSpecimen
677,https://w3id.org/arco/ontology/natural-specimen-description/BiologicalTaxon
678,https://w3id.org/arco/ontology/natural-specimen-description/BiologicalVariety
679,https://w3id.org/arco/ontology/natural-specimen-description/BotanicalForm
680,https://w3id.org/arco/ontology/natural-specimen-description/Cement
681,https://w3id.org/arco/ontology/natural-specimen-description/ChemicalFormula
682,https://w3id.org/arco/ontology/natural-specimen-description/Chondrule
683,https://w3id.org/arco/ontology/natural-specimen-description/ChondrulePresence
684,https://w3id.org/arco/ontology/natural-specimen-description/ChondruleType
685,https://w3id.org/arco/ontology/natural-specimen-description/Chron
686,https://w3id.org/arco/ontology/natural-specimen-description/ChronostratigraphicClass
687,https://w3id.org/arco/ontology/natural-specimen-description/ChronostratigraphicSeries
688,https://w3id.org/arco/ontology/natural-specimen-description/ChronostratigraphicStage
689,https://w3id.org/arco/ontology/natural-specimen-description/ChronostratigraphicSubstage
690,https://w3id.org/arco/ontology/natural-specimen-description/ChronostratigraphicSystem
691,https://w3id.org/arco/ontology/natural-specimen-description/Chronozone
692,https://w3id.org/arco/ontology/natural-specimen-description/ClassificationSystem
693,https://w3id.org/arco/ontology/natural-specimen-description/Cleavage
694,https://w3id.org/arco/ontology/natural-specimen-description/CloseIndividual
695,https://w3id.org/arco/ontology/natural-specimen-description/ContactType
696,https://w3id.org/arco/ontology/natural-specimen-description/Crystal
697,https://w3id.org/arco/ontology/natural-specimen-description/CrystalHabit
698,https://w3id.org/arco/ontology/natural-specimen-description/CrystalMorphology
699,https://w3id.org/arco/ontology/natural-specimen-description/CrystalTwinning
700,https://w3id.org/arco/ontology/natural-specimen-description/CrystallographicCharacteristic
701,https://w3id.org/arco/ontology/natural-specimen-description/Cultivar
702,https://w3id.org/arco/ontology/natural-specimen-description/DevelopmentStage
703,https://w3id.org/arco/ontology/natural-specimen-description/EmpiricalChemicalFormula
704,https://w3id.org/arco/ontology/natural-specimen-description/Eon
705,https://w3id.org/arco/ontology/natural-specimen-description/Eonthem
706,https://w3id.org/arco/ontology/natural-specimen-description/Erathem
707,https://w3id.org/arco/ontology/natural-specimen-description/EruptiveType
708,https://w3id.org/arco/ontology/natural-specimen-description/FluidDynamism
709,https://w3id.org/arco/ontology/natural-specimen-description/Fossil
710,https://w3id.org/arco/ontology/natural-specimen-description/FruitSample
711,https://w3id.org/arco/ontology/natural-specimen-description/GeochronologicalAge
712,https://w3id.org/arco/ontology/natural-specimen-description/GeochronologicalClass
713,https://w3id.org/arco/ontology/natural-specimen-description/GeochronologicalEpoch
714,https://w3id.org/arco/ontology/natural-specimen-description/GeochronologicalEra
715,https://w3id.org/arco/ontology/natural-specimen-description/GeochronologicalPeriod
716,https://w3id.org/arco/ontology/natural-specimen-description/GeochronologicalSubage
717,https://w3id.org/arco/ontology/natural-specimen-description/GeologicalContext
718,https://w3id.org/arco/ontology/natural-specimen-description/Geotope
719,https://w3id.org/arco/ontology/natural-specimen-description/Grains
720,https://w3id.org/arco/ontology/natural-specimen-description/HarvestingMethod
721,https://w3id.org/arco/ontology/natural-specimen-description/HarvestingMotivation
722,https://w3id.org/arco/ontology/natural-specimen-description/HostIndividual
723,https://w3id.org/arco/ontology/natural-specimen-description/HostRock
724,https://w3id.org/arco/ontology/natural-specimen-description/IdentificationInTime
725,https://w3id.org/arco/ontology/natural-specimen-description/Incline
726,https://w3id.org/arco/ontology/natural-specimen-description/Inclusion
727,https://w3id.org/arco/ontology/natural-specimen-description/Label
728,https://w3id.org/arco/ontology/natural-specimen-description/LithologicType
729,https://w3id.org/arco/ontology/natural-specimen-description/LithostratigraphicBed
730,https://w3id.org/arco/ontology/natural-specimen-description/LithostratigraphicClass
731,https://w3id.org/arco/ontology/natural-specimen-description/LithostratigraphicComplex
732,https://w3id.org/arco/ontology/natural-specimen-description/LithostratigraphicFormation
733,https://w3id.org/arco/ontology/natural-specimen-description/LithostratigraphicGroup
734,https://w3id.org/arco/ontology/natural-specimen-description/LithostratigraphicMember
735,https://w3id.org/arco/ontology/natural-specimen-description/LithostratigraphicSupergroup
736,https://w3id.org/arco/ontology/natural-specimen-description/MainMass
737,https://w3id.org/arco/ontology/natural-specimen-description/Matrix
738,https://w3id.org/arco/ontology/natural-specimen-description/MetallicSpecimen
739,https://w3id.org/arco/ontology/natural-specimen-description/Meteorite
740,https://w3id.org/arco/ontology/natural-specimen-description/MeteoriteFall
741,https://w3id.org/arco/ontology/natural-specimen-description/Mine
742,https://w3id.org/arco/ontology/natural-specimen-description/Mineral
743,https://w3id.org/arco/ontology/natural-specimen-description/MineralClass
744,https://w3id.org/arco/ontology/natural-specimen-description/MineralDeposit
745,https://w3id.org/arco/ontology/natural-specimen-description/MineralDepositType
746,https://w3id.org/arco/ontology/natural-specimen-description/MineralPresence
747,https://w3id.org/arco/ontology/natural-specimen-description/MineralSpecies
748,https://w3id.org/arco/ontology/natural-specimen-description/MineralSpecimen
749,https://w3id.org/arco/ontology/natural-specimen-description/MineralSubclass
750,https://w3id.org/arco/ontology/natural-specimen-description/MineralTaxon
751,https://w3id.org/arco/ontology/natural-specimen-description/NewDanaClassificationSystem
752,https://w3id.org/arco/ontology/natural-specimen-description/NotMetallicSpecimen
753,https://w3id.org/arco/ontology/natural-specimen-description/OpticCharacteristic
754,https://w3id.org/arco/ontology/natural-specimen-description/Outcrop
755,https://w3id.org/arco/ontology/natural-specimen-description/OutcropType
756,https://w3id.org/arco/ontology/natural-specimen-description/Paramorphosis
757,https://w3id.org/arco/ontology/natural-specimen-description/PetrologicSpecimen
758,https://w3id.org/arco/ontology/natural-specimen-description/PetrologicTaxon
759,https://w3id.org/arco/ontology/natural-specimen-description/PhysicalCharacteristic
760,https://w3id.org/arco/ontology/natural-specimen-description/PlanetologicClass
761,https://w3id.org/arco/ontology/natural-specimen-description/PlanetologicGenus
762,https://w3id.org/arco/ontology/natural-specimen-description/PlanetologicGroup
763,https://w3id.org/arco/ontology/natural-specimen-description/PlanetologicSpecies
764,https://w3id.org/arco/ontology/natural-specimen-description/PlanetologicSpecimen
765,https://w3id.org/arco/ontology/natural-specimen-description/PlanetologicTaxon
766,https://w3id.org/arco/ontology/natural-specimen-description/PlantSample
767,https://w3id.org/arco/ontology/natural-specimen-description/PollenSample
768,https://w3id.org/arco/ontology/natural-specimen-description/Preparation
769,https://w3id.org/arco/ontology/natural-specimen-description/PreparationType
770,https://w3id.org/arco/ontology/natural-specimen-description/PreservationType
771,https://w3id.org/arco/ontology/natural-specimen-description/PrimarySedimentaryStructure
772,https://w3id.org/arco/ontology/natural-specimen-description/Pseudomorphosis
773,https://w3id.org/arco/ontology/natural-specimen-description/Reflectance
774,https://w3id.org/arco/ontology/natural-specimen-description/Refraction
775,https://w3id.org/arco/ontology/natural-specimen-description/RockType
776,https://w3id.org/arco/ontology/natural-specimen-description/Sample
777,https://w3id.org/arco/ontology/natural-specimen-description/SecodarySedimentaryStructure
778,https://w3id.org/arco/ontology/natural-specimen-description/SedimentaryStructure
779,https://w3id.org/arco/ontology/natural-specimen-description/SeedSample
780,https://w3id.org/arco/ontology/natural-specimen-description/ShadeTolerance
781,https://w3id.org/arco/ontology/natural-specimen-description/SimplifiedChemicalFormula
782,https://w3id.org/arco/ontology/natural-specimen-description/Specimen
783,https://w3id.org/arco/ontology/natural-specimen-description/SpecimenContainer
784,https://w3id.org/arco/ontology/natural-specimen-description/SpecimenHarvesting
785,https://w3id.org/arco/ontology/natural-specimen-description/StrunzClassificationSystem
786,https://w3id.org/arco/ontology/natural-specimen-description/Subspecies
787,https://w3id.org/arco/ontology/natural-specimen-description/Substrate
788,https://w3id.org/arco/ontology/natural-specimen-description/SubstrateType
789,https://w3id.org/arco/ontology/natural-specimen-description/Taxon
790,https://w3id.org/arco/ontology/natural-specimen-description/TaxonSpecification
791,https://w3id.org/arco/ontology/natural-specimen-description/Texture
792,https://w3id.org/arco/ontology/natural-specimen-description/TextureType
793,https://w3id.org/arco/ontology/natural-specimen-description/TypeOfTypeSpecimen
794,https://w3id.org/arco/ontology/natural-specimen-description/TypeSpecimenIdentification
795,https://w3id.org/arco/ontology/natural-specimen-description/UnitCell
796,https://w3id.org/arco/ontology/natural-specimen-description/Variety
797,https://w3id.org/arco/ontology/natural-specimen-description/WeatheringGrade
798,https://w3id.org/arco/ontology/natural-specimen-description/WoodSample
799,https://w3id.org/italia/onto/CLV/Address
800,https://w3id.org/italia/onto/CLV/AdministrativeUnitComponent
801,https://w3id.org/italia/onto/CLV/City
802,https://w3id.org/italia/onto/CLV/Country
803,https://w3id.org/italia/onto/CLV/District
804,https://w3id.org/italia/onto/CLV/Feature
805,https://w3id.org/italia/onto/CLV/Geometry
806,https://w3id.org/italia/onto/CLV/Province
807,https://w3id.org/italia/onto/CLV/Region
808,https://w3id.org/italia/onto/CLV/SpatialObject
809,https://w3id.org/italia/onto/COV/Organization
810,https://w3id.org/italia/onto/MU/MeasurementUnit
811,https://w3id.org/italia/onto/MU/Value
812,https://w3id.org/italia/onto/POI/NameInTime
813,https://w3id.org/italia/onto/POI/PointOfInterest
814,https://w3id.org/italia/onto/POT/Ticket
815,https://w3id.org/italia/onto/RO/Role
816,https://w3id.org/italia/onto/RO/TimeIndexedRole
817,https://w3id.org/italia/onto/SM/OnlineContactPoint
818,https://w3id.org/italia/onto/SM/WebSite
819,https://w3id.org/italia/onto/TI/TimeIndexedEvent
820,https://w3id.org/italia/onto/TI/TimeInterval
821,https://w3id.org/italia/onto/l0/Activity
822,https://w3id.org/italia/onto/l0/Agent
823,https://w3id.org/italia/onto/l0/Characteristic
824,https://w3id.org/italia/onto/l0/Collection
825,https://w3id.org/italia/onto/l0/Concept
826,https://w3id.org/italia/onto/l0/Description
827,https://w3id.org/italia/onto/l0/Entity
828,https://w3id.org/italia/onto/l0/EventOrSituation
829,https://w3id.org/italia/onto/l0/Location
830,https://w3id.org/italia/onto/l0/Object
831,https://w3id.org/italia/onto/l0/System
832,https://w3id.org/italia/onto/l0/Topic
833,nodeID://b10001
834,nodeID://b12812
835,nodeID://b12815
836,nodeID://b12818
837,nodeID://b31064
838,nodeID://b31067
839,nodeID://b31070
840,nodeID://b31076
841,nodeID://b31079
842,nodeID://b31083
843,nodeID://b31086
844,nodeID://b31110
845,nodeID://b31118
846,nodeID://b31169
847,nodeID://b48772768
848,nodeID://b48772771
849,nodeID://b48772800
850,nodeID://b48772803
851,nodeID://b48772813
852,nodeID://b48772844
853,nodeID://b48772848
854,nodeID://b48772921
855,nodeID://b48772945
856,nodeID://b48772997
857,nodeID://b48773024
858,nodeID://b48773116
859,nodeID://b48773119
860,nodeID://b48773122
861,nodeID://b48773125
862,nodeID://b48773128
863,nodeID://b48773131
864,nodeID://b48773134
865,nodeID://b48773170
866,nodeID://b48773230
867,nodeID://b48773233
868,nodeID://b48773238
869,nodeID://b48773245
870,nodeID://b48773248
871,nodeID://b48773251
872,nodeID://b48773254
873,nodeID://b48773257
874,nodeID://b48773260
875,nodeID://b48773297
876,nodeID://b48773309
877,nodeID://b48773399
878,nodeID://b48773629
879,nodeID://b48773634
880,nodeID://b48773741
881,nodeID://b48773744
882,nodeID://b48773747
883,nodeID://b48773750
884,nodeID://b48773753
885,nodeID://b48773756
886,nodeID://b48773759
887,nodeID://b48773795
888,nodeID://b48773917
889,nodeID://b48773921
890,nodeID://b48773922
891,nodeID://b48773929
892,nodeID://b48773930
893,nodeID://b48773939
894,nodeID://b48773949
895,nodeID://b48773950
896,nodeID://b48773958
897,nodeID://b48773967
898,nodeID://b48773971
899,nodeID://b48773976
900,nodeID://b48773988
901,nodeID://b48773989
902,nodeID://b48773995
903,nodeID://b48773996
904,nodeID://b48774003
905,nodeID://b48774202
906,nodeID://b48774206
907,nodeID://b48774207
908,nodeID://b48774214
909,nodeID://b48774215
910,nodeID://b48774224
911,nodeID://b48774234
912,nodeID://b48774235
913,nodeID://b48774243
914,nodeID://b48774252
915,nodeID://b48774256
916,nodeID://b48774261
917,nodeID://b48774273
918,nodeID://b48774274
919,nodeID://b48774280
920,nodeID://b48774281
921,nodeID://b48774288
