,concept
0,http://www.w3.org/2000/01/rdf-schema#Datatype
1,http://www.openlinksw.com/schemas/virtrdf#QuadMapFormat
2,http://www.openlinksw.com/schemas/virtrdf#QuadStorage
3,http://www.openlinksw.com/schemas/virtrdf#array-of-QuadMap
4,http://www.openlinksw.com/schemas/virtrdf#QuadMap
5,http://www.openlinksw.com/schemas/virtrdf#array-of-QuadMapFormat
6,http://www.openlinksw.com/schemas/virtrdf#QuadMapValue
7,http://www.openlinksw.com/schemas/virtrdf#array-of-QuadMapATable
8,http://www.openlinksw.com/schemas/virtrdf#array-of-QuadMapColumn
9,http://www.openlinksw.com/schemas/virtrdf#QuadMapColumn
10,http://www.openlinksw.com/schemas/virtrdf#QuadMapFText
11,http://www.openlinksw.com/schemas/virtrdf#QuadMapATable
12,http://www.openlinksw.com/schemas/virtrdf#array-of-string
13,http://www.w3.org/1999/02/22-rdf-syntax-ns#Property
14,http://www.w3.org/2000/01/rdf-schema#Class
15,http://www.w3.org/2002/07/owl#AnnotationProperty
16,http://www.w3.org/ns/sparql-service-description#Service
17,http://www.w3.org/2002/07/owl#Class
18,http://www.w3.org/2002/07/owl#Ontology
19,http://www.w3.org/2002/07/owl#OntologyProperty
20,https://w3id.org/italia/onto/AccessCondition/OpeningHoursSpecification
21,http://dati.beniculturali.it/cis/Site
22,http://www.w3.org/ns/sparql-service-description#Graph
23,http://rdfs.org/ns/void#Dataset
24,http://www.w3.org/ns/dcat#Dataset
25,http://dati.gov.it/onto/dcatapit#Dataset
26,https://w3id.org/italia/onto/CLV/Address
27,https://w3id.org/italia/onto/CLV/Geometry
28,https://w3id.org/italia/onto/l0/Agent
29,http://www.w3.org/2002/07/owl#NamedIndividual
30,http://dati.beniculturali.it/iccd/fotografico/UnitaDescrizione
31,http://xmlns.com/foaf/0.1/Organization
32,http://archivi.ibc.regione.emilia-romagna.it/ontology/eac-cpf#entity
33,http://xmlns.com/foaf/0.1/Agent
34,http://dati.gov.it/onto/dcatapit#Agent
35,https://w3id.org/italia/onto/RO/TimeIndexedRole
36,http://www.w3.org/2006/vcard/ns#Kind
37,http://www.w3.org/2006/vcard/ns#Organization
38,http://dati.gov.it/onto/dcatapit#Organization
39,http://dati.beniculturali.it/cis/CulturalInstituteOrSite
40,http://purl.org/net/provenance/ns#DataItem
41,https://w3id.org/italia/onto/SM/Telephone
42,https://w3id.org/italia/onto/SM/Email
43,https://w3id.org/italia/onto/SM/WebSite
44,https://w3id.org/italia/onto/POT/Ticket
45,https://w3id.org/italia/onto/POT/Offer
46,https://w3id.org/italia/onto/POT/PriceSpecification
47,http://www.w3.org/2004/02/skos/core#ConceptScheme
48,http://dati.beniculturali.it/cis/CISNameInTime
49,https://w3id.org/italia/onto/CLV/Feature
50,https://w3id.org/italia/onto/CLV/City
51,https://w3id.org/italia/onto/SM/OnlineContactPoint
52,https://w3id.org/italia/onto/CLV/StreetToponym
53,https://w3id.org/arco/ontology/catalogue/AccessProfile
54,https://w3id.org/italia/onto/CPV/Person
55,https://w3id.org/arco/ontology/core/AgentRole
56,https://w3id.org/arco/ontology/context-description/Bibliography
57,https://w3id.org/arco/ontology/denotative-description/Brand
58,https://w3id.org/arco/ontology/catalogue/CatalogueRecordOA
59,https://w3id.org/arco/ontology/catalogue/CatalogueRecordVersion
60,https://w3id.org/arco/ontology/denotative-description/CoatOfArms
61,https://w3id.org/arco/ontology/denotative-description/ConservationStatus
62,https://w3id.org/arco/ontology/denotative-description/CulturalEntityTechnicalStatus
63,https://w3id.org/arco/ontology/denotative-description/CulturalPropertyDefinition
64,https://w3id.org/arco/ontology/denotative-description/CulturalPropertySpecification
65,https://w3id.org/arco/ontology/denotative-description/CulturalPropertyType
66,https://w3id.org/arco/ontology/context-description/CulturalScope
67,https://w3id.org/arco/ontology/context-description/CulturalScopeAttribution
68,https://w3id.org/arco/ontology/context-description/Dating
69,https://w3id.org/arco/ontology/denotative-description/DesignationInTime
70,https://w3id.org/italia/onto/l0/Event
71,https://w3id.org/arco/ontology/arco/HistoricOrArtisticProperty
72,https://w3id.org/arco/ontology/arco/MovableCulturalProperty
73,https://w3id.org/arco/ontology/denotative-description/Inscription
74,https://w3id.org/arco/ontology/context-description/LegalSituation
75,https://w3id.org/arco/ontology/denotative-description/Measurement
76,https://w3id.org/arco/ontology/denotative-description/MeasurementCollection
77,https://w3id.org/arco/ontology/context-description/PhotographicDocumentation
78,https://w3id.org/arco/ontology/context-description/PreferredAuthorshipAttribution
79,https://w3id.org/arco/ontology/context-description/RelatedWorkSituation
80,https://w3id.org/arco/ontology/context-description/SourceAndDocument
81,https://w3id.org/arco/ontology/context-description/Subject
82,https://w3id.org/arco/ontology/denotative-description/TechnicalCharacteristic
83,https://w3id.org/arco/ontology/location/TimeIndexedTypedLocation
84,https://w3id.org/italia/onto/TI/TimeInterval
85,https://w3id.org/arco/ontology/context-description/Title
86,https://w3id.org/italia/onto/MU/Value
87,https://w3id.org/arco/ontology/context-description/Acquisition
88,https://w3id.org/italia/onto/CLV/AddressArea
89,https://w3id.org/arco/ontology/denotative-description/AffixedElement
90,https://w3id.org/arco/ontology/catalogue/CatalogueRecordS
91,https://w3id.org/arco/ontology/context-description/Circumstance
92,https://w3id.org/arco/ontology/context-description/Commission
93,https://w3id.org/arco/ontology/denotative-description/Dedication
94,https://w3id.org/arco/ontology/context-description/Edition
95,https://w3id.org/arco/ontology/denotative-description/Emblem
96,https://w3id.org/arco/ontology/arco/CulturalPropertyComponent
97,https://w3id.org/arco/ontology/context-description/InterpretationCriterion
98,http://dati.beniculturali.it/cis/MonumentalArea
99,https://w3id.org/arco/ontology/context-description/NoLongerInPublication
100,https://w3id.org/arco/ontology/context-description/PreparatoryWork
101,https://w3id.org/arco/ontology/context-description/PrintInPublication
102,https://w3id.org/arco/ontology/context-description/Reproduction
103,https://w3id.org/arco/ontology/context-description/ReproductionPosition
104,https://w3id.org/arco/ontology/denotative-description/Stamp
105,https://w3id.org/arco/ontology/location/ToponymInTime
106,https://w3id.org/italia/onto/COV/Organization
107,https://w3id.org/arco/ontology/context-description/AlternativeAuthorshipAttribution
108,https://w3id.org/arco/ontology/context-description/ChangeOfAvailability
109,http://dati.beniculturali.it/cis/CulturalEvent
110,https://w3id.org/arco/ontology/denotative-description/FontStyle
111,https://w3id.org/italia/onto/Language/Language
112,https://w3id.org/italia/onto/RO/Role
113,https://w3id.org/arco/ontology/location/SiteSpecification
114,https://w3id.org/arco/ontology/location/SiteType
115,https://w3id.org/arco/ontology/context-description/Copy
116,https://w3id.org/arco/ontology/context-description/DerivatedWorkType
117,https://w3id.org/arco/ontology/context-description/ReferenceCatalogue
118,https://w3id.org/arco/ontology/context-description/ArchaeologicalExcavation
119,https://w3id.org/arco/ontology/arco/ArchaeologicalProperty
120,https://w3id.org/arco/ontology/catalogue/CatalogueRecordRA
121,https://w3id.org/arco/ontology/context-description/GraphicOrCartographicDocumentation
122,https://w3id.org/arco/ontology/immovable-property/Construction
123,https://w3id.org/arco/ontology/arco/ArchitecturalOrLandscapeHeritage
124,https://w3id.org/arco/ontology/arco/ImmovableCulturalProperty
125,https://w3id.org/arco/ontology/construction-description/Construction
126,https://w3id.org/arco/ontology/location/CadastralIdentity
127,https://w3id.org/arco/ontology/catalogue/CatalogueRecordA
128,https://w3id.org/arco/ontology/arco/CulturalPropertyPart
129,https://w3id.org/arco/ontology/context-description/EligibleIntervention
130,https://w3id.org/arco/ontology/context-description/ProtectiveMeasure
131,https://w3id.org/arco/ontology/context-description/StratigraphicUnit
132,https://w3id.org/arco/ontology/context-description/UrbanPlanningInstrument
133,https://w3id.org/arco/ontology/context-description/Use
134,https://w3id.org/arco/ontology/denotative-description/AffixedElementType
135,http://dati.beniculturali.it/cis/GeographicalFeature
136,https://w3id.org/arco/ontology/catalogue/CatalogueRecordD
137,https://w3id.org/arco/ontology/context-description/Reuse
138,https://w3id.org/arco/ontology/location/SiteDefinition
139,https://w3id.org/arco/ontology/catalogue/CatalogueRecordBDM
140,https://w3id.org/arco/ontology/arco/DemoEthnoAnthropologicalHeritage
141,https://w3id.org/arco/ontology/context-description/Profession
142,https://w3id.org/arco/ontology/context-description/UserSocialCategory
143,https://w3id.org/arco/ontology/arco/CulturalPropertyCategory
144,https://w3id.org/arco/ontology/immovable-property/Building
145,https://w3id.org/arco/ontology/construction-description/Building
146,https://w3id.org/arco/ontology/context-description/ArchivalRecordSetMembership
147,https://w3id.org/arco/ontology/catalogue/CatalogueRecordF
148,https://w3id.org/arco/ontology/context-description/ConservationIntervention
149,https://w3id.org/arco/ontology/context-description/Copyright
150,https://w3id.org/arco/ontology/immovable-property/ConstructionPart
151,https://w3id.org/arco/ontology/construction-description/ConstructionPart
152,https://w3id.org/arco/ontology/context-description/DocumentationType
153,https://w3id.org/arco/ontology/arco/PhotographicHeritage
154,https://w3id.org/arco/ontology/denotative-description/Logo
155,https://olaf.datipubblici.org/olaf/SkippedEntity
156,https://w3id.org/arco/ontology/context-description/FinalWork
157,https://w3id.org/arco/ontology/catalogue/CatalogueRecordMI
158,https://w3id.org/arco/ontology/context-description/AcquisitionType
159,https://w3id.org/arco/ontology/catalogue/CatalogueRecordAT
160,https://w3id.org/arco/ontology/catalogue/CatalogueRecordBNP
161,https://w3id.org/arco/ontology/catalogue/CatalogueRecordNU
162,https://w3id.org/arco/ontology/catalogue/CatalogueRecordPST
163,https://w3id.org/arco/ontology/denotative-description/CoinDesign
164,https://w3id.org/arco/ontology/context-description/CoinIssuance
165,https://w3id.org/arco/ontology/denotative-description/CoinLegend
166,https://w3id.org/arco/ontology/context-description/CollectionMembership
167,https://w3id.org/italia/onto/MU/MeasurementUnit
168,https://w3id.org/arco/ontology/arco/NaturalHeritage
169,https://w3id.org/arco/ontology/arco/PaleontologicalHeritage
170,https://w3id.org/arco/ontology/arco/NumismaticProperty
171,https://w3id.org/arco/ontology/arco/ScientificOrTechnologicalHeritage
172,https://w3id.org/arco/ontology/context-description/Responsibility
173,https://w3id.org/arco/ontology/location/BaseMap
174,https://w3id.org/arco/ontology/location/CadastralFolio
175,https://w3id.org/arco/ontology/location/CadastralUnitCollection
176,https://w3id.org/arco/ontology/catalogue/CatalogueRecordBNB
177,https://w3id.org/arco/ontology/context-description/ChangeOfAvailabilityType
178,http://dati.beniculturali.it/cis/ClericalAdministrativeArea
179,https://w3id.org/arco/ontology/context-description/FindingContextType
180,https://w3id.org/arco/ontology/context-description/Format
181,https://w3id.org/arco/ontology/context-description/Inspection
182,https://w3id.org/arco/ontology/arco/BotanicalHeritage
183,https://w3id.org/arco/ontology/context-description/ObservationSurvey
184,https://w3id.org/arco/ontology/context-description/Research
185,https://w3id.org/arco/ontology/context-description/SexInterpretation
186,https://w3id.org/arco/ontology/catalogue/CulturalPropertyRecord
187,http://dati.beniculturali.it/cis/GovernamentalAdministrativeArea
188,https://w3id.org/arco/ontology/catalogue/ComplexCPCatalogueRecord
189,http://dati.beniculturali.it/cis/SubjectDiscipline
190,https://w3id.org/arco/ontology/denotative-description/FunctionalPurpose
191,https://w3id.org/arco/ontology/denotative-description/IconographicOrDecorativeApparatus
192,https://w3id.org/arco/ontology/catalogue/CatalogueRecordSI
193,https://w3id.org/arco/ontology/context-description/Scale
194,https://w3id.org/arco/ontology/context-description/Tomb
195,https://w3id.org/arco/ontology/catalogue/CatalogueRecordE
196,https://w3id.org/arco/ontology/arco/CulturalProperty
197,https://w3id.org/italia/onto/CLV/Region
198,https://w3id.org/arco/ontology/location/Altitude
199,https://w3id.org/arco/ontology/location/Coordinates
200,https://w3id.org/arco/ontology/immovable-property/Floor
201,https://w3id.org/arco/ontology/construction-description/Floor
202,https://w3id.org/arco/ontology/denotative-description/HistoricalPlaque
203,https://w3id.org/arco/ontology/context-description/ExpiredCopyright
204,https://w3id.org/arco/ontology/arco/PhotographicHeritageClassification
205,https://w3id.org/arco/ontology/arco/PhotographicHeritageClassificationType
206,https://w3id.org/arco/ontology/denotative-description/ConservationStatusType
207,https://w3id.org/arco/ontology/catalogue/CatalogueRecordBNM
208,https://w3id.org/arco/ontology/arco/MineralHeritage
209,https://w3id.org/arco/ontology/movable-property/Specimen
210,https://w3id.org/arco/ontology/natural-specimen-description/Specimen
211,https://w3id.org/arco/ontology/context-description/PhotographicSeriesMembership
212,https://w3id.org/arco/ontology/context-description/PreparatoryOrFinalWork
213,https://w3id.org/arco/ontology/catalogue/AlternativeIdentifier
214,https://w3id.org/arco/ontology/catalogue/CatalogueRecordOAC
215,https://w3id.org/arco/ontology/context-description/DetectionMethod
216,https://w3id.org/arco/ontology/catalogue/CatalogueRecordVeAC
217,https://w3id.org/italia/onto/CLV/Country
218,https://w3id.org/arco/ontology/clothing-description/Clothing
219,https://w3id.org/arco/ontology/context-description/AudioDocumentation
220,https://w3id.org/arco/ontology/catalogue/CatalogueRecordBDI
221,https://w3id.org/arco/ontology/arco/IntangibleCulturalProperty
222,https://w3id.org/arco/ontology/context-description/Fruition
223,https://w3id.org/arco/ontology/arco/CulturalPropertyCataloguingCategory
224,http://www.w3.org/2002/07/owl#TransitiveProperty
225,http://www.w3.org/2002/07/owl#ObjectProperty
226,http://dati.beniculturali.it/cis/CISType
227,http://www.w3.org/2002/07/owl#FunctionalProperty
228,http://www.w3.org/2002/07/owl#DatatypeProperty
229,https://w3id.org/italia/onto/AccessCondition/Booking
230,http://www.w3.org/ns/dcat#Distribution
231,http://dati.gov.it/onto/dcatapit#Distribution
232,http://dati.beniculturali.it/cis/CreativeWork
233,http://archivi.ibc.regione.emilia-romagna.it/ontology/eac-cpf/entity
234,http://lod.xdams.org/reload/oad/production
235,http://dati.beniculturali.it/cis/CulturalHeritageObject
236,http://lod.xdams.org/reload/oad/uod
237,https://w3id.org/italia/onto/CLV/Province
238,https://w3id.org/italia/onto/CLV/CivicNumbering
239,https://w3id.org/arco/ontology/arco/ReferenceCoinLegend
240,https://w3id.org/arco/ontology/context-description/ArchaeologicalFieldSurvey
241,https://w3id.org/arco/ontology/arco/ArchaeologicalMaterialCategory
242,https://w3id.org/arco/ontology/context-description/BibliographyCategory
243,https://w3id.org/arco/ontology/catalogue/CatalogueRecordTMA
244,http://dati.beniculturali.it/cis/CollectionCulEnt
245,https://w3id.org/arco/ontology/context-description/FilmDocumentation
246,http://dati.beniculturali.it/cis/Library
247,http://www.w3.org/2002/07/owl#InverseFunctionalProperty
248,http://purl.org/goodrelations/v1#BusinessEntity
249,http://purl.org/goodrelations/v1#Offering
250,http://purl.org/goodrelations/v1#LocationOfSalesOrServiceProvisioning
251,http://purl.org/goodrelations/v1#ActualProductOrServicesInstance
252,http://purl.org/goodrelations/v1#ProductOrServiceSomeInstancePlaceholder
253,http://purl.org/goodrelations/v1#PriceSpecification
254,http://purl.org/goodrelations/v1#TypeAndQuantityNode
255,http://purl.org/goodrelations/v1#ProductOrServicesSomeInstancesPlaceholder
256,http://www.ebusiness-unibw.org/ontologies/eclass/5.1.4/#C_AKJ315005-tax
257,http://purl.org/goodrelations/v1#Manufacturer
258,http://www.ebusiness-unibw.org/ontologies/eclass/5.1.4/#C_AAB316003-tax
259,http://www.ebusiness-unibw.org/ontologies/eclass/5.1.4/#C_AKE112003-tax
260,http://www.w3.org/2002/07/owl#inverseFunctionalProperty
261,https://w3id.org/arco/ontology/context-description/CulturalPropertyStage
262,https://w3id.org/arco/ontology/immovable-property/HorizontalElementType
263,https://w3id.org/arco/ontology/arco/NumismaticPropertyTypologicalCategory
264,https://w3id.org/arco/ontology/construction-description/HorizontalElementType
265,https://w3id.org/arco/ontology/immovable-property/RoofingType
266,https://w3id.org/arco/ontology/construction-description/RoofingType
267,https://w3id.org/arco/ontology/context-description/SurveyMotivation
268,https://w3id.org/arco/ontology/immovable-property/FlooringType
269,https://w3id.org/arco/ontology/construction-description/FlooringType
270,https://w3id.org/arco/ontology/immovable-property/VerticalElementType
271,https://w3id.org/arco/ontology/construction-description/VerticalElementType
272,https://w3id.org/arco/ontology/catalogue/CatalogueRecordMA
273,https://w3id.org/italia/onto/CLV/AdministrativeUnitComponent
274,https://w3id.org/arco/ontology/context-description/BibliographyType
275,https://w3id.org/arco/ontology/context-description/Intervention
276,https://w3id.org/arco/ontology/immovable-property/RoofType
277,https://w3id.org/arco/ontology/construction-description/RoofType
278,https://w3id.org/arco/ontology/movable-property/Genus
279,https://w3id.org/arco/ontology/natural-specimen-description/Genus
280,https://w3id.org/arco/ontology/movable-property/Family
281,https://w3id.org/arco/ontology/natural-specimen-description/Family
282,https://w3id.org/arco/ontology/movable-property/BiologicalTaxon
283,https://w3id.org/arco/ontology/natural-specimen-description/BiologicalTaxon
284,https://w3id.org/arco/ontology/movable-property/Species
285,https://w3id.org/arco/ontology/natural-specimen-description/Species
286,https://w3id.org/arco/ontology/natural-specimen-description/Genus
287,https://w3id.org/arco/ontology/core/ClassificationInTime
288,https://w3id.org/arco/ontology/movable-property/Label
289,https://w3id.org/arco/ontology/natural-specimen-description/Label
290,https://w3id.org/arco/ontology/movable-property/SpecimenHarvesting
291,https://w3id.org/arco/ontology/natural-specimen-description/SpecimenHarvesting
292,https://w3id.org/arco/ontology/immovable-property/ConstructionDesign
293,https://w3id.org/arco/ontology/construction-description/ConstructionDesign
294,https://w3id.org/arco/ontology/immovable-property/Flooring
295,https://w3id.org/arco/ontology/construction-description/Flooring
296,https://w3id.org/arco/ontology/immovable-property/HorizontalSubdivision
297,https://w3id.org/arco/ontology/construction-description/HorizontalSubdivision
298,https://w3id.org/arco/ontology/immovable-property/Roof
299,https://w3id.org/arco/ontology/construction-description/Roof
300,https://w3id.org/arco/ontology/immovable-property/Roofing
301,https://w3id.org/arco/ontology/construction-description/Roofing
302,https://w3id.org/arco/ontology/immovable-property/HorizontalElement
303,https://w3id.org/arco/ontology/construction-description/HorizontalElement
304,https://w3id.org/arco/ontology/immovable-property/Layout
305,https://w3id.org/arco/ontology/immovable-property/VerticalElement
306,https://w3id.org/arco/ontology/construction-description/VerticalElement
307,https://w3id.org/arco/ontology/immovable-property/VerticalSubdivision
308,https://w3id.org/arco/ontology/construction-description/VerticalSubdivision
309,https://w3id.org/arco/ontology/immovable-property/FlooringLayout
310,https://w3id.org/arco/ontology/construction-description/FlooringLayout
311,https://w3id.org/arco/ontology/immovable-property/RoofStructure
312,https://w3id.org/arco/ontology/construction-description/RoofStructure
313,https://w3id.org/arco/ontology/context-description/UseFunction
314,https://w3id.org/arco/ontology/immovable-property/Foundation
315,https://w3id.org/arco/ontology/construction-description/Foundation
316,https://w3id.org/arco/ontology/immovable-property/FoundationType
317,https://w3id.org/arco/ontology/construction-description/FoundationType
318,https://w3id.org/arco/ontology/context-description/DocumentationCategory
319,https://w3id.org/arco/ontology/context-description/SurveyMethod
320,https://w3id.org/arco/ontology/context-description/PrintingPlatesSeries
321,https://w3id.org/arco/ontology/movable-property/SemplifiedChemicalFormula
322,https://w3id.org/arco/ontology/natural-specimen-description/SemplifiedChemicalFormula
323,https://w3id.org/arco/ontology/movable-property/EmpiricalChemicalFormula
324,https://w3id.org/arco/ontology/natural-specimen-description/EmpiricalChemicalFormula
325,https://w3id.org/arco/ontology/movable-property/CrystalMorphology
326,https://w3id.org/arco/ontology/natural-specimen-description/CrystalMorphology
327,https://w3id.org/arco/ontology/movable-property/CrystalTwinning
328,https://w3id.org/arco/ontology/natural-specimen-description/CrystalTwinning
329,https://w3id.org/arco/ontology/movable-property/CrystallographicCharacteristic
330,https://w3id.org/arco/ontology/natural-specimen-description/CrystallographicCharacteristic
331,https://w3id.org/arco/ontology/denotative-description/PhysicalCharacteristic
332,https://w3id.org/arco/ontology/natural-specimen-description/PhysicalCharacteristic
333,https://w3id.org/arco/ontology/movable-property/Pseudomorhosis
334,https://w3id.org/arco/ontology/natural-specimen-description/Pseudomorhosis
335,https://w3id.org/arco/ontology/movable-property/UnitCell
336,https://w3id.org/arco/ontology/natural-specimen-description/UnitCell
337,https://w3id.org/arco/ontology/denotative-description/DecorativeApparatusType
338,https://w3id.org/arco/ontology/movable-property/HarvestingMethod
339,https://w3id.org/arco/ontology/natural-specimen-description/HarvestingMethod
340,https://w3id.org/arco/ontology/movable-property/HarvestingMotivation
341,https://w3id.org/arco/ontology/natural-specimen-description/HarvestingMotivation
342,https://w3id.org/arco/ontology/denotative-description/DesignationType
343,https://w3id.org/arco/ontology/location/GeometryTechnique
344,http://www.w3.org/1999/02/22-rdf-syntax-ns#Statement
345,http://www.openlinksw.com/schemas/VSPX#
346,http://www.w3.org/ns/dcat#Catalog
347,http://dati.gov.it/onto/dcatapit#Catalog
348,http://www.w3.org/2004/02/skos/core#Concept
349,https://w3id.org/italia/onto/ADMS/SemanticAsset
350,https://w3id.org/arco/ontology/catalogue/CatalogueRecordBNZ
351,https://w3id.org/arco/ontology/context-description/ArchivalFonds
352,https://w3id.org/arco/ontology/denotative-description/WritingSystem
353,https://w3id.org/arco/ontology/location/GeometryMethod
354,https://w3id.org/arco/ontology/location/LocationType
355,https://w3id.org/arco/ontology/immovable-property/OpenSpace
356,https://w3id.org/arco/ontology/construction-description/OpenSpace
357,https://w3id.org/arco/ontology/catalogue/CatalogueRecordPG
358,https://w3id.org/arco/ontology/catalogue/PrivacyReason
359,https://w3id.org/arco/ontology/catalogue/CataloguingLevel
360,https://w3id.org/arco/ontology/catalogue/CatalogueRecordFF
361,https://w3id.org/arco/ontology/cultural-event/Exhibition
362,https://w3id.org/arco/ontology/context-description/InterventionType
363,https://w3id.org/arco/ontology/location/Continent
364,https://w3id.org/arco/ontology/denotative-description/OrnamentalMotif
365,https://w3id.org/arco/ontology/denotative-description/Support
366,https://w3id.org/arco/ontology/cataloguing-campaign/ApplicationStatus
367,https://w3id.org/arco/ontology/cataloguing-campaign/CampaignType
368,https://w3id.org/arco/ontology/cataloguing-campaign/CampaignStatus
369,https://w3id.org/arco/ontology/cataloguing-campaign/ActivityStatus
370,https://w3id.org/arco/ontology/cataloguing-campaign/OrganizationType
371,https://w3id.org/arco/ontology/arco/ZoologicalHeritage
372,http://rdfs.org/ns/void#Linkset
373,http://www.w3.org/ns/sparql-service-description#NamedGraph
374,https://w3id.org/arco/ontology/catalogue/CatalogueRecordSMO
375,https://w3id.org/arco/ontology/arco/MusicHeritage
376,http://www.w3.org/2004/02/skos/core#Collection
377,https://w3id.org/italia/onto/CLV/GeometryType
378,https://w3id.org/arco/ontology/arco/MibacScopeOfProtection
379,https://w3id.org/arco/ontology/catalogue/AdditionalFormType
380,https://w3id.org/arco/ontology/catalogue/PrivacyLevel
381,https://w3id.org/arco/ontology/context-description/SurveyImageType
382,https://w3id.org/arco/ontology/context-description/TitleType
383,https://w3id.org/arco/ontology/context-description/AnomalyOrigin
384,https://w3id.org/arco/ontology/context-description/UseTypeSpecification
385,https://w3id.org/arco/ontology/context-description/CircumstanceType
386,https://w3id.org/arco/ontology/context-description/UseType
387,https://w3id.org/arco/ontology/context-description/Reliability
388,https://w3id.org/arco/ontology/context-description/ExportImportCertificationType
389,https://w3id.org/arco/ontology/context-description/AlternativeDatingType
390,https://w3id.org/arco/ontology/context-description/AnomalyType
391,https://w3id.org/arco/ontology/cultural-event/TimePeriodMeasurementUnit
392,https://w3id.org/arco/ontology/denotative-description/CulturalPropertyAccessibility
393,https://w3id.org/arco/ontology/denotative-description/MeasurementType
394,https://w3id.org/arco/ontology/denotative-description/CulturalPropertyAvailability
395,https://w3id.org/arco/ontology/denotative-description/TechnicalConcept
396,https://w3id.org/arco/ontology/denotative-description/Legibility
397,https://w3id.org/arco/ontology/denotative-description/IconographicOrDecorativeApparatusType
398,https://w3id.org/arco/ontology/denotative-description/CommunicationMediumType
399,https://w3id.org/arco/ontology/location/OldTownAdmistrativeType
400,https://w3id.org/arco/ontology/location/TypeOfContext
401,https://w3id.org/italia/onto/COV/Group
402,http://dati.beniculturali.it/cis/HolderOfArchive
403,https://w3id.org/arco/ontology/natural-specimen-description/BiologicalSubspecies
404,https://w3id.org/arco/ontology/arco/NumismaticPropertyFunctionalCategory
405,https://w3id.org/arco/ontology/context-description/ExportImportCertification
406,https://w3id.org/arco/ontology/context-description/LaboratoryTest
407,https://w3id.org/arco/ontology/context-description/LaboratoryTestType
408,https://w3id.org/arco/ontology/denotative-description/Counterstamp
409,https://w3id.org/italia/onto/CPV/Sex
410,https://w3id.org/arco/ontology/immovable-property/ConstructionElement
411,https://w3id.org/arco/ontology/construction-description/ConstructionElement
412,https://w3id.org/arco/ontology/denotative-description/Soil
413,https://w3id.org/arco/ontology/location/Soil
414,https://w3id.org/arco/ontology/natural-specimen-description/BotanicalVariety
415,https://w3id.org/arco/ontology/catalogue/CatalogueRecordCA
416,http://dati.beniculturali.it/cis/ImageObject
417,https://w3id.org/italia/onto/AccessCondition/TemporaryClosure
418,https://w3id.org/arco/ontology/cataloguing-campaign/CatalogueNumbersAssignment
419,https://w3id.org/italia/onto/TI/TimeIndexedEvent
420,https://w3id.org/arco/ontology/cataloguing-campaign/CataloguingActivity
421,https://w3id.org/arco/ontology/cataloguing-campaign/CataloguingOrDigitizationCampaign
422,https://w3id.org/arco/ontology/cataloguing-campaign/Protocol
423,https://w3id.org/arco/ontology/cataloguing-campaign/Application
424,http://www.w3.org/2002/07/owl#SymmetricProperty
425,http://dati.beniculturali.it/iccd/fotografico/DefinizioneOggetto
426,http://www.essepuntato.it/2014/03/fentry/Photograph
427,http://www.cidoc-crm.org/cidoc-crm/E28_Conceptual_Object
428,http://dati.beniculturali.it/iccd/fotografico/Foto
429,http://lod.xdams.org/reload/oad/levelOfDescription
430,http://dati.beniculturali.it/iccd/fotografico/LivelloDescrizione
431,http://www.cidoc-crm.org/cidoc-crm/E53_Place
432,http://www.geonames.org/ontology#Feature
433,http://lod.xdams.org/reload/oad/place
434,http://dati.san.beniculturali.it/SAN/luogo
435,http://dati.beniculturali.it/iccd/fotografico/Luogo
436,http://purl.org/spar/fabio/WorkCollection
437,https://w3id.org/italia/onto/ADMS/SemanticAssetDistribution
438,https://w3id.org/italia/onto/ADMS/Project
439,https://w3id.org/arco/ontology/catalogue/CatalogueRecordCF
440,http://dati.beniculturali.it/cis/CulturalEntity
441,https://w3id.org/arco/ontology/movable-property/Inclusion
442,https://w3id.org/arco/ontology/natural-specimen-description/Inclusion
443,https://w3id.org/arco/ontology/movable-property/TypeSpecimenIdentification
444,https://w3id.org/arco/ontology/natural-specimen-description/TypeSpecimenIdentification
445,https://w3id.org/arco/ontology/movable-property/Accession
446,https://w3id.org/arco/ontology/natural-specimen-description/Accession
447,https://w3id.org/arco/ontology/movable-property/Cleavage
448,https://w3id.org/arco/ontology/natural-specimen-description/Cleavage
449,https://w3id.org/arco/ontology/movable-property/CrystalHabit
450,https://w3id.org/arco/ontology/natural-specimen-description/CrystalHabit
451,https://w3id.org/arco/ontology/movable-property/GeologicalContext
452,https://w3id.org/arco/ontology/location/GeologicalContext
453,https://w3id.org/arco/ontology/movable-property/HostRock
454,https://w3id.org/arco/ontology/natural-specimen-description/HostRock
455,https://w3id.org/arco/ontology/movable-property/MineralDeposit
456,https://w3id.org/arco/ontology/location/MineralDeposit
457,https://w3id.org/arco/ontology/movable-property/MineralDepositType
458,https://w3id.org/arco/ontology/location/MineralDepositType
459,https://w3id.org/arco/ontology/denotative-description/Orientation
460,https://w3id.org/arco/ontology/movable-property/Outcrop
461,https://w3id.org/arco/ontology/location/Outcrop
462,https://w3id.org/arco/ontology/movable-property/OutcropType
463,https://w3id.org/arco/ontology/location/OutcropType
464,https://w3id.org/arco/ontology/movable-property/LaboratoryTestType
465,https://w3id.org/arco/ontology/natural-specimen-description/LaboratoryTestType
466,https://w3id.org/arco/ontology/construction-description/Stair
467,https://w3id.org/arco/ontology/movable-property/TypeOfTypeSpecimen
468,https://w3id.org/arco/ontology/natural-specimen-description/TypeOfTypeSpecimen
469,https://w3id.org/arco/ontology/catalogue/CatalogueRecordAUT
470,https://w3id.org/italia/onto/l0/Location
471,https://w3id.org/arco/ontology/context-description/ArchivalSubseries
472,https://w3id.org/arco/ontology/construction-description/PlanLayout
473,https://w3id.org/arco/ontology/immovable-property/Stairs
474,https://w3id.org/arco/ontology/construction-description/Stairs
475,https://w3id.org/arco/ontology/location/GeologicalMap
476,https://w3id.org/arco/ontology/denotative-description/DecorativeApparatus
477,https://w3id.org/arco/ontology/location/NaturalEnvironment
478,https://w3id.org/arco/ontology/context-description/InventorySituation
479,https://w3id.org/arco/ontology/context-description/DatingEvent
480,http://dati.san.beniculturali.it/SAN/conservatore
481,http://dati.beniculturali.it/iccd/fotografico/conservatore
482,http://www.ica.org/standards/RiC/ontology#CorporateBody
483,http://www.ica.org/standards/RiC/ontology#EventType
484,http://www.ica.org/standards/RiC/ontology#Action
485,http://www.ica.org/standards/RiC/ontology#AgentName
486,http://www.ica.org/standards/RiC/ontology#Description
487,http://www.ica.org/standards/RiC/ontology#Identifier
488,http://www.ica.org/standards/RiC/ontology#IdentifierType
489,http://www.ica.org/standards/RiC/ontology#Place
490,http://www.ica.org/standards/RiC/ontology#PlaceName
491,http://www.ica.org/standards/RiC/ontology#PlaceType
492,http://www.ica.org/standards/RiC/ontology#AppellationType
493,http://www.ica.org/standards/RiC/ontology#Language
494,http://www.ica.org/standards/RiC/ontology#RecordSet
495,http://www.ica.org/standards/RiC/ontology#Title
496,http://www.ica.org/standards/RiC/ontology#FindingAid
497,http://www.ica.org/standards/RiC/ontology#AgentHierarchicalRelation
498,http://www.ica.org/standards/RiC/ontology#SocialAgent
499,http://www.ica.org/standards/RiC/ontology#AgentOriginationRelation
500,http://www.ica.org/standards/RiC/ontology#CorporateBodyType
501,http://www.ica.org/standards/RiC/ontology#Rule
502,http://www.ica.org/standards/RiC/ontology#Type
503,http://www.ica.org/standards/RiC/ontology#CarrierType
504,http://www.ica.org/standards/RiC/ontology#Instantiation
505,http://www.ica.org/standards/RiC/ontology#RepresentationType
506,http://www.ica.org/standards/RiC/ontology#Date
507,http://www.ica.org/standards/RiC/ontology#DateRange
508,http://www.ica.org/standards/RiC/ontology#SingleDate
509,http://www.ica.org/standards/RiC/ontology#PhysicalPerson
510,https://w3id.org/arco/ontology/catalogue/CatalogueRecordBNPE
511,https://w3id.org/arco/ontology/arco/PetrologicHeritage
512,https://w3id.org/arco/ontology/arco/MusicalHeritage
513,https://w3id.org/arco/ontology/denotative-description/MusicalInstrument
514,https://w3id.org/arco/ontology/arco/PlanetaryScienceHeritage
515,https://w3id.org/italia/onto/AccessCondition/AdmissionType
516,https://w3id.org/arco/ontology/catalogue/CatalogueRecordCG
517,https://w3id.org/arco/ontology/location/CulturalInstituteOrSiteSpecification
518,https://w3id.org/arco/ontology/location/CulturalInstituteOrSiteType
519,https://w3id.org/arco/ontology/location/CulturalInstituteOrSiteDefinition
520,https://w3id.org/arco/ontology/denotative-description/SampleCollectedType
521,https://w3id.org/arco/ontology/arco/CulturalPropertyInventoryCategory
522,https://w3id.org/arco/ontology/immovable-property/WaterElement
523,https://w3id.org/arco/ontology/construction-description/WaterElement
524,https://w3id.org/arco/ontology/immovable-property/WaterSystem
525,https://w3id.org/arco/ontology/construction-description/WaterSystem
526,https://w3id.org/arco/ontology/movable-property/Fossil
527,https://w3id.org/arco/ontology/natural-specimen-description/Fossil
528,https://w3id.org/arco/ontology/movable-property/Matrix
529,https://w3id.org/arco/ontology/natural-specimen-description/Matrix
530,https://w3id.org/arco/ontology/movable-property/SedimentaryStructure
531,https://w3id.org/arco/ontology/natural-specimen-description/SedimentaryStructure
532,https://w3id.org/arco/ontology/movable-property/PrimarySedimentaryStructure
533,https://w3id.org/arco/ontology/natural-specimen-description/PrimarySedimentaryStructure
534,https://w3id.org/arco/ontology/movable-property/BiogenicSedimentaryStructure
535,https://w3id.org/arco/ontology/natural-specimen-description/BiogenicSedimentaryStructure
536,https://w3id.org/arco/ontology/movable-property/Texture
537,https://w3id.org/arco/ontology/natural-specimen-description/Texture
538,https://w3id.org/arco/ontology/movable-property/Variety
539,https://w3id.org/arco/ontology/natural-specimen-description/Variety
540,https://w3id.org/arco/ontology/movable-property/TextureType
541,https://w3id.org/arco/ontology/natural-specimen-description/TextureType
542,https://w3id.org/arco/ontology/catalogue/CatalogueRecordSAS
543,https://w3id.org/arco/ontology/natural-specimen-description/Order
544,https://w3id.org/italia/onto/CLV/District
545,https://w3id.org/arco/ontology/location/OldTown
546,https://w3id.org/arco/ontology/location/UrbanArea
547,https://w3id.org/arco/ontology/context-description/SurveyType
548,https://w3id.org/arco/ontology/immovable-property/VerticalConnectionType
549,https://w3id.org/arco/ontology/construction-description/VerticalConnectionType
550,https://w3id.org/arco/ontology/context-description/PrintingPlatesSeriesMembership
551,https://w3id.org/arco/ontology/context-description/Survey
552,https://w3id.org/arco/ontology/context-description/NumismaticSeries
553,https://w3id.org/arco/ontology/context-description/NumismaticSeriesMembership
554,https://w3id.org/arco/ontology/context-description/ArchivalSeries
555,https://w3id.org/arco/ontology/context-description/PhotographicSeries
556,https://w3id.org/arco/ontology/natural-specimen-description/SpecimenCollection
557,https://w3id.org/arco/ontology/context-description/SpecimenCollectionMembership
558,https://w3id.org/arco/ontology/arco/ArchaeologicalMaterial
559,https://w3id.org/arco/ontology/immovable-property/ConnectionElement
560,https://w3id.org/arco/ontology/construction-description/ConnectionElement
561,https://w3id.org/arco/ontology/denotative-description/NaturalEnvironment
562,https://w3id.org/arco/ontology/construction-description/Layout
563,https://w3id.org/arco/ontology/catalogue/CatalogueRecordSM
564,https://w3id.org/arco/ontology/catalogue/CatalogueRecordBNPL
565,https://w3id.org/arco/ontology/arco/PhysicalAnthropologyHeritage
566,https://w3id.org/arco/ontology/movable-property/PlanetologicSpecies
567,https://w3id.org/arco/ontology/natural-specimen-description/PlanetologicSpecies
568,https://w3id.org/arco/ontology/movable-property/PlanetologicGenus
569,https://w3id.org/arco/ontology/natural-specimen-description/PlanetologicGenus
570,https://w3id.org/arco/ontology/movable-property/PlanetologicGroup
571,https://w3id.org/arco/ontology/natural-specimen-description/PlanetologicGroup
572,https://w3id.org/arco/ontology/movable-property/PlanetologicClass
573,https://w3id.org/arco/ontology/natural-specimen-description/PlanetologicClass
574,https://w3id.org/arco/ontology/context-description/Estimate
575,https://w3id.org/arco/ontology/context-description/FindingContext
576,https://w3id.org/arco/ontology/context-description/RecordingType
577,https://w3id.org/arco/ontology/natural-specimen-description/Order
578,https://w3id.org/arco/ontology/natural-specimen-description/Class
579,https://w3id.org/arco/ontology/natural-specimen-description/Subspecies
580,https://w3id.org/arco/ontology/natural-specimen-description/Phylum
581,https://w3id.org/arco/ontology/natural-specimen-description/Family
582,https://w3id.org/arco/ontology/natural-specimen-description/Class
583,https://w3id.org/arco/ontology/context-description/DevelopmentStage
584,https://w3id.org/arco/ontology/core/IdentificationInTime
585,https://w3id.org/arco/ontology/natural-specimen-description/IdentificationInTime
586,https://w3id.org/arco/ontology/location/NaturalEnvironmentType
587,https://w3id.org/arco/ontology/natural-specimen-description/Kingdom
588,https://w3id.org/arco/ontology/cataloguing-campaign/CatalogueNumberAssignment
589,https://w3id.org/arco/ontology/denotative-description/AgeRange
590,https://w3id.org/arco/ontology/context-description/YearCylceCircumstance
591,https://w3id.org/italia/onto/l0/Object
592,https://w3id.org/arco/ontology/context-description/PhotographicRecording
593,https://w3id.org/arco/ontology/cultural-event/RecurrentSituationSeries
594,https://w3id.org/arco/ontology/context-description/VideoRecording
595,https://w3id.org/arco/ontology/catalogue/CatalogueRecordMODI
596,https://w3id.org/arco/ontology/movable-property/ChondrulePresence
597,https://w3id.org/arco/ontology/natural-specimen-description/ChondrulePresence
598,https://w3id.org/arco/ontology/movable-property/MeteoriteFall
599,https://w3id.org/arco/ontology/natural-specimen-description/MeteoriteFall
600,https://w3id.org/arco/ontology/movable-property/MineralPresence
601,https://w3id.org/arco/ontology/natural-specimen-description/MineralPresence
602,https://w3id.org/arco/ontology/denotative-description/IconographicApparatus
603,https://w3id.org/arco/ontology/context-description/StorageMedium
604,https://w3id.org/arco/ontology/context-description/ProductionCylceCircumstance
605,https://w3id.org/arco/ontology/denotative-description/CommunicationMedium
606,https://w3id.org/arco/ontology/denotative-description/Mineral
607,https://w3id.org/arco/ontology/catalogue/CatalogueRecordSCAN
608,https://w3id.org/arco/ontology/context-description/Documentation
609,https://w3id.org/arco/ontology/natural-specimen-description/SpecimenContainer
610,https://w3id.org/arco/ontology/core/Concept
611,https://w3id.org/arco/ontology/clothing-description/Cuff
612,https://w3id.org/arco/ontology/context-description/CulturalContext
613,https://w3id.org/arco/ontology/clothing-description/Fastener
614,https://w3id.org/arco/ontology/clothing-description/FastenerType
615,https://w3id.org/arco/ontology/core/ClassificationSystem
616,https://w3id.org/arco/ontology/musical-istrument/HornbostelSachsClass
617,https://w3id.org/arco/ontology/clothing-description/InteriorElement
618,https://w3id.org/arco/ontology/clothing-description/Neck
619,https://w3id.org/arco/ontology/clothing-description/Pocket
620,https://w3id.org/arco/ontology/clothing-description/Sleeve
621,https://w3id.org/arco/ontology/denotative-description/TechnicalStatus
622,https://w3id.org/arco/ontology/clothing-description/NeckType
623,https://w3id.org/arco/ontology/musical-instrument/String
624,https://w3id.org/arco/ontology/clothing-description/PocketType
625,https://w3id.org/arco/ontology/clothing-description/SleeveType
626,https://w3id.org/arco/ontology/catalogue/CatalogueRecordMINP
627,https://w3id.org/arco/ontology/context-description/AgeInterpretation
628,https://w3id.org/arco/ontology/natural-specimen-description/Phylum
629,https://w3id.org/arco/ontology/construction-description/Facade
630,https://w3id.org/arco/ontology/movable-property/MainMass
631,https://w3id.org/arco/ontology/natural-specimen-description/MainMass
632,https://w3id.org/arco/ontology/movable-property/Substrate
633,https://w3id.org/arco/ontology/location/Substrate
634,https://w3id.org/arco/ontology/natural-specimen-description/BotanicalForm
635,https://w3id.org/arco/ontology/movable-property/BotanicalForm
636,https://w3id.org/arco/ontology/movable-property/Subspecies
637,https://w3id.org/arco/ontology/location/ZoogeographicRegion
638,https://w3id.org/arco/ontology/denotative-description/SampleCollected
639,https://w3id.org/arco/ontology/location/ChronostratigraphicStage
640,https://w3id.org/arco/ontology/location/ChronostratigraphicSeries
641,https://w3id.org/arco/ontology/location/ChronostratigraphicSystem
642,https://w3id.org/arco/ontology/location/Stratum
643,https://w3id.org/arco/ontology/location/LithostratigraphicFormation
644,https://w3id.org/arco/ontology/location/LithostratigraphicGroup
645,https://w3id.org/arco/ontology/location/LithostratigraphicBed
646,https://w3id.org/arco/ontology/location/LithostratigraphicMember
647,https://w3id.org/arco/ontology/location/LithostratigraphicComplex
648,https://w3id.org/arco/ontology/location/PedologicalMap
649,https://w3id.org/arco/ontology/movable-property/AgeInterpretation
650,https://w3id.org/arco/ontology/natural-specimen-description/AgeInterpretation
651,https://w3id.org/arco/ontology/movable-property/Cement
652,https://w3id.org/arco/ontology/natural-specimen-description/Cement
653,https://w3id.org/arco/ontology/movable-property/RockType
654,https://w3id.org/arco/ontology/natural-specimen-description/RockType
655,https://w3id.org/arco/ontology/movable-property/EruptiveType
656,https://w3id.org/arco/ontology/natural-specimen-description/EruptiveType
657,https://w3id.org/arco/ontology/movable-property/MineralClass
658,https://w3id.org/arco/ontology/natural-specimen-description/MineralClass
659,https://w3id.org/arco/ontology/movable-property/MineralSpecies
660,https://w3id.org/arco/ontology/natural-specimen-description/MineralSpecies
661,https://w3id.org/arco/ontology/movable-property/MineralSubclass
662,https://w3id.org/arco/ontology/natural-specimen-description/MineralSubclass
663,https://w3id.org/arco/ontology/denotative-description/ClimateSituation
664,https://w3id.org/arco/ontology/location/ClimateSituation
665,https://w3id.org/arco/ontology/context-description/AudioCollection
666,https://w3id.org/arco/ontology/context-description/AudioCollectionMembership
667,https://w3id.org/arco/ontology/context-description/AudioRecording
668,https://w3id.org/arco/ontology/context-description/WorkCircumstance
669,https://w3id.org/arco/ontology/context-description/IndeterminateCircumstance
670,https://w3id.org/arco/ontology/denotative-description/ImplementationMethod
671,https://w3id.org/arco/ontology/context-description/StorageMediumType
672,https://w3id.org/arco/ontology/context-description/VideoCollection
673,https://w3id.org/arco/ontology/context-description/VideoCollectionMembership
674,https://w3id.org/arco/ontology/denotative-description/Bandage
675,https://w3id.org/arco/ontology/context-description/BandageType
676,https://w3id.org/arco/ontology/catalogue/CatalogueRecordSU
677,https://w3id.org/arco/ontology/natural-specimen-description/ArtificialSpecimen
678,https://w3id.org/arco/ontology/denotative-description/Position
679,https://w3id.org/arco/ontology/location/ChronostratigraphicSubstage
680,https://w3id.org/arco/ontology/context-description/PaleopathologySurvey
681,https://w3id.org/arco/ontology/movable-property/Mineral
682,https://w3id.org/arco/ontology/natural-specimen-description/Mineral
683,https://w3id.org/arco/ontology/movable-property/LithologicType
684,https://w3id.org/arco/ontology/natural-specimen-description/LithologicType
685,https://w3id.org/arco/ontology/immovable-property/TechnicalSystem
686,https://w3id.org/arco/ontology/construction-description/TechnicalSystem
687,https://w3id.org/arco/ontology/movable-property/Chondrule
688,https://w3id.org/arco/ontology/natural-specimen-description/Chondrule
689,https://w3id.org/arco/ontology/movable-property/ChondruleType
690,https://w3id.org/arco/ontology/natural-specimen-description/ChondruleType
691,https://w3id.org/arco/ontology/movable-property/SecondarySedimentaryStructure
692,https://w3id.org/arco/ontology/natural-specimen-description/SecondarySedimentaryStructure
693,https://w3id.org/arco/ontology/denotative-description/Animal
694,https://w3id.org/arco/ontology/denotative-description/Vegetal
695,https://w3id.org/arco/ontology/movable-property/AlterationGrade
696,https://w3id.org/arco/ontology/natural-specimen-description/AlterationGrade
697,https://w3id.org/arco/ontology/movable-property/AlterationType
698,https://w3id.org/arco/ontology/natural-specimen-description/AlterationType
699,https://w3id.org/arco/ontology/natural-specimen-description/Grains
700,https://w3id.org/arco/ontology/movable-property/Grains
701,https://w3id.org/arco/ontology/movable-property/WeatheringGrade
702,https://w3id.org/arco/ontology/natural-specimen-description/WeatheringGrade
703,https://w3id.org/arco/ontology/context-description/Inventory
704,https://w3id.org/arco/ontology/context-description/AgeType
705,https://w3id.org/arco/ontology/cultural-event/RecurrentTimePeriod
706,https://w3id.org/arco/ontology/movable-property/Meteorite
707,https://w3id.org/arco/ontology/natural-specimen-description/Meteorite
708,https://w3id.org/arco/ontology/denotative-description/Accessory
709,https://w3id.org/arco/ontology/location/Erathem
710,https://w3id.org/arco/ontology/location/Eonothem
711,https://w3id.org/italia/onto/CLV/Person
712,https://w3id.org/italia/onto/CLV/Organization
713,https://w3id.org/arco/ontology/location/CadastreType
714,https://w3id.org/arco/ontology/location/LanduseMap
715,https://w3id.org/arco/ontology/context-description/LegalSituationType
716,https://w3id.org/arco/ontology/context-description/DerivatedWork
717,https://w3id.org/arco/ontology/movable-property/SubstrateType
718,https://w3id.org/arco/ontology/location/SubstrateType
719,https://w3id.org/arco/ontology/movable-property/ContactType
720,https://w3id.org/arco/ontology/natural-specimen-description/ContactType
721,https://w3id.org/arco/ontology/natural-specimen-description/NaturalSpecimen
722,https://w3id.org/arco/ontology/location/Chronozone
723,https://w3id.org/arco/ontology/location/LithostratigraphicStratum
724,https://w3id.org/arco/ontology/movable-property/FluidDynamism
725,https://w3id.org/arco/ontology/location/FluidDynamism
726,https://w3id.org/arco/ontology/movable-property/HostIndividual
727,https://w3id.org/arco/ontology/natural-specimen-description/HostIndividual
728,http://www.w3.org/2008/05/skos#Concept
729,https://w3id.org/arco/ontology/denotative-description/InteriorElementType
730,https://w3id.org/arco/ontology/context-description/Sex
731,https://w3id.org/arco/ontology/context-description/License
732,http://www.w3.org/2001/vcard-rdf/3.0#work
733,http://www.w3.org/2001/vcard-rdf/3.0#voice
734,http://www.w3.org/2001/vcard-rdf/3.0#internet
735,http://www.w3.org/ns/sparql-service-description#Dataset
736,http://www.w3.org/2002/07/owl#Restriction
737,http://www.w3.org/2002/07/owl#AllDisjointClasses
738,http://www.w3.org/2006/vcard/ns#Voice
