,p,predicate
0,http://www.w3.org/2000/01/rdf-schema#label,165290477
1,https://w3id.org/italia/onto/l0/name,96089421
2,http://www.w3.org/1999/02/22-rdf-syntax-ns#type,94323003
3,https://w3id.org/arco/ontology/catalogue/hasCatalogueRecordVersionRiT,11850805
4,https://w3id.org/italia/onto/RO/withRole,10197012
5,https://w3id.org/italia/onto/RO/isRoleInTimeOf,10180467
6,https://w3id.org/arco/ontology/catalogue/hasCatalogueRecordVersion,7213327
7,https://w3id.org/arco/ontology/core/hasAgentRole,6929443
8,https://w3id.org/arco/ontology/catalogue/isCatalogueRecordVersionOf,6895903
9,https://w3id.org/arco/ontology/catalogue/editedAtTime,6835329
10,https://w3id.org/arco/ontology/core/hasAgent,6799409
11,https://w3id.org/arco/ontology/core/hasRole,6796647
12,https://w3id.org/arco/ontology/core/isRoleOf,6513422
13,https://w3id.org/arco/ontology/core/isAgentOf,6504965
14,http://purl.org/dc/elements/1.1/source,6485373
15,http://xmlns.com/foaf/0.1/depiction,6400288
16,http://purl.org/dc/elements/1.1/subject,5763429
17,https://w3id.org/arco/ontology/denotative-description/hasMeasurement,5538423
18,https://w3id.org/arco/ontology/core/hasCategory,5236912
19,https://w3id.org/arco/ontology/denotative-description/hasValue,5103203
20,https://w3id.org/arco/ontology/denotative-description/hasMeasurementType,5102712
21,https://w3id.org/italia/onto/MU/value,5097017
22,https://w3id.org/arco/ontology/denotative-description/includesTechnicalCharacteristic,4929976
23,https://w3id.org/arco/ontology/location/hasLocationType,4751529
24,https://w3id.org/arco/ontology/context-description/hasInterpretationCriterion,4751068
25,https://w3id.org/arco/ontology/location/hasTimeIndexedTypedLocation,4640862
26,https://w3id.org/arco/ontology/catalogue/hasOfficialInCharge,4471047
27,https://w3id.org/italia/onto/TI/atTime,4310023
28,https://w3id.org/arco/ontology/location/isTimeIndexedTypedLocationOf,4216720
29,https://w3id.org/arco/ontology/context-description/hasDocumentation,3988373
30,https://w3id.org/arco/ontology/context-description/isDocumentationOf,3967896
31,https://w3id.org/arco/ontology/context-description/hasDocumentationType,3841870
32,http://data.cochrane.org/ontologies/pico/materialAndTechnique,3689483
33,https://w3id.org/arco/ontology/denotative-description/hasTechnicalStatus,3676247
34,https://w3id.org/arco/ontology/catalogue/systemRecordCode,3572662
35,https://w3id.org/arco/ontology/denotative-description/hasMaterialOrTechnique,3559953
36,https://w3id.org/arco/ontology/catalogue/isDescribedByCatalogueRecord,3545685
37,http://purl.org/dc/elements/1.1/publisher,3426084
38,http://purl.org/dc/terms/isReferencedBy,3426084
39,http://purl.org/dc/elements/1.1/language,3426009
40,https://w3id.org/arco/ontology/catalogue/describesCulturalProperty,3425985
41,https://w3id.org/arco/ontology/context-description/hasDatingEvent,3422596
42,https://w3id.org/arco/ontology/context-description/hasDating,3420659
43,http://purl.org/dc/elements/1.1/type,3410432
44,https://w3id.org/arco/ontology/context-description/documentationIdentifier,3222492
45,https://w3id.org/arco/ontology/arco/hasHeritageProtectionAgency,3140496
46,https://w3id.org/arco/ontology/core/description,3093612
47,http://purl.org/dc/elements/1.1/date,3055782
48,https://w3id.org/arco/ontology/core/note,3049543
49,http://www.w3.org/2000/01/rdf-schema#comment,3032814
50,https://w3id.org/arco/ontology/context-description/hasAuthorshipAttribution,3028572
51,https://w3id.org/arco/ontology/catalogue/lastUpdateDate,3027744
52,http://purl.org/dc/elements/1.1/title,3027715
53,https://w3id.org/arco/ontology/denotative-description/hasCulturalPropertyType,3006091
54,https://w3id.org/arco/ontology/location/isCulturalPropertyAddressOf,3005925
55,http://purl.org/dc/terms/spatial,3005854
56,https://w3id.org/arco/ontology/arco/hasCataloguingAgency,3005840
57,https://w3id.org/arco/ontology/arco/isCataloguingAgencyOf,3005840
58,https://w3id.org/arco/ontology/location/hasCulturalPropertyAddress,3005644
59,http://purl.org/dc/elements/1.1/coverage,2928117
60,https://w3id.org/arco/ontology/catalogue/hasResponsibleResearchAndCompilation,2915743
61,https://w3id.org/arco/ontology/arco/regionIdentifier,2892559
62,https://w3id.org/arco/ontology/context-description/specificTime,2852761
63,https://w3id.org/arco/ontology/denotative-description/hasMeasurementCollection,2848116
64,http://purl.org/dc/elements/1.1/identifier,2829469
65,http://data.cochrane.org/ontologies/pico/preview,2823128
66,http://purl.org/dc/elements/1.1/format,2820628
67,https://w3id.org/arco/ontology/context-description/isAuthorshipAttributionOf,2792515
68,https://w3id.org/arco/ontology/context-description/hasLegalSituation,2761755
69,http://purl.org/dc/elements/1.1/description,2750320
70,http://purl.org/dc/elements/1.1/rights,2745739
71,https://w3id.org/arco/ontology/arco/isHeritageProtectionAgencyOf,2720863
72,https://w3id.org/arco/ontology/catalogue/catalogueRecordIdentifier,2701417
73,https://w3id.org/arco/ontology/arco/uniqueIdentifier,2686098
74,https://w3id.org/arco/ontology/arco/catalogueNumber,2663774
75,https://w3id.org/arco/ontology/catalogue/hasCataloguingLevel,2654578
76,https://w3id.org/arco/ontology/denotative-description/hasConservationStatus,2625696
77,https://w3id.org/arco/ontology/denotative-description/hasConservationStatusType,2603504
78,https://w3id.org/arco/ontology/location/atLocation,2469757
79,https://w3id.org/arco/ontology/catalogue/hasUpdateResponsibleResearchAndCompilation,2385039
80,https://w3id.org/arco/ontology/catalogue/hasAccessProfile,2337382
81,https://w3id.org/arco/ontology/catalogue/hasPrivacyLevel,2337376
82,https://w3id.org/arco/ontology/location/hasCulturalInstituteOrSite,2333624
83,https://w3id.org/arco/ontology/catalogue/hasPrivacyReason,2327204
84,https://w3id.org/arco/ontology/core/specifications,2131559
85,https://w3id.org/arco/ontology/location/atSite,2124588
86,https://w3id.org/italia/onto/MU/hasMeasurementUnit,2058068
87,https://w3id.org/arco/ontology/context-description/hasCulturalScope,1894848
88,https://w3id.org/arco/ontology/context-description/hasBibliography,1867660
89,https://w3id.org/arco/ontology/context-description/subject,1863782
90,https://w3id.org/arco/ontology/context-description/isBibliographyOf,1843338
91,http://purl.org/dc/terms/bibliographicCitation,1768880
92,https://w3id.org/arco/ontology/context-description/bibliographicReferenceAuthor,1754319
93,https://w3id.org/arco/ontology/context-description/bibliographicReferenceDate,1751735
94,https://w3id.org/arco/ontology/context-description/bibliographicReference,1748712
95,https://w3id.org/arco/ontology/location/hasCoordinates,1656199
96,https://w3id.org/arco/ontology/location/lat,1648437
97,https://w3id.org/arco/ontology/location/long,1648437
98,https://w3id.org/arco/ontology/context-description/inventoryIdentifier,1628832
99,https://w3id.org/arco/ontology/context-description/hasAuthor,1628275
100,https://w3id.org/arco/ontology/catalogue/hasDigitalTranscriptionOperator,1532653
101,https://w3id.org/arco/ontology/denotative-description/hasAffixedElement,1500793
102,http://purl.org/dc/elements/1.1/creator,1462131
103,https://w3id.org/arco/ontology/context-description/hasSubject,1456461
104,https://w3id.org/arco/ontology/context-description/isSubjectOf,1452159
105,https://w3id.org/arco/ontology/denotative-description/positionOnCulturalProperty,1303531
106,https://w3id.org/italia/onto/CLV/hasGeometry,1294823
107,http://data.cochrane.org/ontologies/pico/author,1294775
108,https://w3id.org/italia/onto/CLV/hasGeometryType,1265124
109,https://w3id.org/italia/onto/CLV/isGeometryFor,1259079
110,https://w3id.org/arco/ontology/context-description/bibliographyLocalIdentifier,1179173
111,https://w3id.org/arco/ontology/context-description/hasInventorySituation,1134525
112,https://w3id.org/arco/ontology/context-description/hasAttributedAuthor,1130317
113,https://w3id.org/italia/onto/CLV/serialization,1038947
114,https://w3id.org/arco/ontology/denotative-description/hasTechnique,1036350
115,https://w3id.org/arco/ontology/denotative-description/transcript,1034652
116,https://w3id.org/arco/ontology/context-description/historicalInformation,1030120
117,https://w3id.org/arco/ontology/denotative-description/hasFunctionalPurpose,1000179
118,https://w3id.org/italia/onto/l0/identifier,983067
119,https://w3id.org/italia/onto/TI/time,980004
120,https://w3id.org/arco/ontology/context-description/hasOwner,979443
121,https://w3id.org/arco/ontology/context-description/hasPreferredAuthor,842651
122,https://w3id.org/arco/ontology/arco/hasCulturalPropertyCataloguingCategory,826129
123,https://w3id.org/arco/ontology/context-description/isAuthorOf,787565
124,https://w3id.org/arco/ontology/denotative-description/hasFontStyle,747875
125,https://w3id.org/arco/ontology/context-description/involvesRelatedWork,708938
126,https://w3id.org/arco/ontology/location/isCulturalInstituteOrSiteOf,696141
127,https://w3id.org/arco/ontology/context-description/hasInterventionRole,608713
128,https://w3id.org/arco/ontology/arco/hasCulturalPropertyCategory,559654
129,https://w3id.org/arco/ontology/catalogue/hasAlternativeIdentifier,507613
130,https://w3id.org/arco/ontology/context-description/hasRelatedWorkSituation,449766
131,https://w3id.org/arco/ontology/denotative-description/hasPhotoColour,438767
132,https://w3id.org/arco/ontology/core/hasType,434056
133,https://w3id.org/arco/ontology/core/hasPart,430721
134,https://w3id.org/arco/ontology/context-description/hasAcquisition,429906
135,https://w3id.org/arco/ontology/context-description/isAcquisitionOf,429531
136,https://w3id.org/arco/ontology/context-description/hasAcquisitionType,422723
137,https://w3id.org/arco/ontology/core/isComponentOf,420451
138,https://w3id.org/arco/ontology/catalogue/localIdentifier,419633
139,https://w3id.org/italia/onto/Language/hasLanguage,399366
140,http://www.w3.org/2002/07/owl#sameAs,393740
141,https://w3id.org/arco/ontology/context-description/hasCollection,362944
142,https://w3id.org/arco/ontology/arco/numberOfComponents,341171
143,https://w3id.org/arco/ontology/denotative-description/hasMaterial,340867
144,https://w3id.org/arco/ontology/core/isPartOf,325767
145,https://w3id.org/arco/ontology/context-description/documentationLocation,306737
146,https://w3id.org/arco/ontology/denotative-description/hasDesignationInTime,299792
147,https://w3id.org/arco/ontology/context-description/isCollectionIn,296248
148,https://w3id.org/arco/ontology/context-description/hasTitle,285587
149,https://w3id.org/arco/ontology/context-description/iconclassCode,281301
150,https://w3id.org/arco/ontology/catalogue/hasScientificDirector,280483
151,https://w3id.org/arco/ontology/context-description/hasPreviousOwner,263704
152,https://w3id.org/arco/ontology/arco/isCulturalPropertyComponentOf,254774
153,https://w3id.org/arco/ontology/context-description/isArchivalUnitMemberOf,254337
154,https://w3id.org/arco/ontology/context-description/hasArchive,253029
155,http://www.w3.org/2004/02/skos/core#relatedMatch,245904
156,http://purl.org/dc/terms/relation,229800
157,https://w3id.org/arco/ontology/context-description/hasMemberOfArchivalRecordSet,223543
158,https://w3id.org/arco/ontology/context-description/isMemberOfArchivalRecordSetOf,223506
159,https://w3id.org/arco/ontology/context-description/isRelatedWorkSituationOf,215407
160,https://w3id.org/arco/ontology/denotative-description/refersToAgent,212131
161,https://w3id.org/arco/ontology/context-description/acquisitionLocation,207369
162,https://w3id.org/arco/ontology/context-description/documentationTitle,206739
163,https://w3id.org/arco/ontology/context-description/hasActivityResponsible,205625
164,https://w3id.org/arco/ontology/context-description/useFunction,199804
165,https://w3id.org/arco/ontology/context-description/hasUse,196897
166,https://w3id.org/arco/ontology/context-description/hasIntervention,192153
167,https://w3id.org/arco/ontology/context-description/agentDate,191909
168,https://w3id.org/italia/onto/CLV/hasProvince,188222
169,https://w3id.org/italia/onto/CLV/hasCity,187463
170,https://w3id.org/italia/onto/CLV/hasCountry,185659
171,https://w3id.org/arco/ontology/construction-description/hasConstructionElement,174162
172,https://w3id.org/arco/ontology/context-description/isTitleOf,172553
173,https://w3id.org/arco/ontology/context-description/hasTitleType,170627
174,https://w3id.org/arco/ontology/context-description/hasMeasurementCollection,170552
175,https://w3id.org/arco/ontology/denotative-description/validity,169542
176,https://w3id.org/arco/ontology/catalogue/hasUpdateOfficialInCharge,167050
177,https://w3id.org/arco/ontology/context-description/hasFormat,164551
178,https://w3id.org/arco/ontology/context-description/completeBibliographicReference,162947
179,https://w3id.org/italia/onto/SM/URL,161538
180,https://w3id.org/arco/ontology/denotative-description/hasShape,161400
181,https://w3id.org/arco/ontology/arco/endTime,156892
182,https://w3id.org/arco/ontology/arco/startTime,155467
183,https://w3id.org/arco/ontology/context-description/hasSurvey,154008
184,https://w3id.org/arco/ontology/immovable-property/hasConstructionElement,152944
185,https://w3id.org/arco/ontology/context-description/subjectDescription,150984
186,https://w3id.org/italia/onto/CLV/hasRegion,148032
187,https://w3id.org/italia/onto/CLV/fullAddress,145148
188,https://w3id.org/arco/ontology/context-description/hasUseType,142864
189,https://w3id.org/arco/ontology/location/hasCadastralEntity,138356
190,https://w3id.org/arco/ontology/context-description/agentLocalIdentifier,136517
191,https://w3id.org/arco/ontology/context-description/hasActivityOperator,134454
192,https://w3id.org/arco/ontology/location/hasBaseMap,129674
193,https://w3id.org/arco/ontology/context-description/folio,128164
194,http://dati.beniculturali.it/cis/siteAddress,126170
195,https://w3id.org/arco/ontology/denotative-description/positionInComplexCulturalProperty,125525
196,https://w3id.org/arco/ontology/context-description/findingNote,121623
197,https://w3id.org/arco/ontology/context-description/properTitle,120252
198,https://w3id.org/italia/onto/AccessCondition/hasAccessCondition,117782
199,https://w3id.org/italia/onto/l0/description,117368
200,https://w3id.org/arco/ontology/core/current,117191
201,https://w3id.org/arco/ontology/denotative-description/hasDesignationType,112490
202,https://w3id.org/arco/ontology/context-description/hasProtectiveMeasure,112194
203,https://w3id.org/arco/ontology/arco/hasMibacScopeOfProtection,111978
204,https://w3id.org/arco/ontology/location/spacialReferenceSystem,111555
205,https://w3id.org/arco/ontology/location/hasGeometryMethod,98741
206,https://w3id.org/arco/ontology/location/hasGeometryTechnique,98595
207,https://w3id.org/arco/ontology/context-description/title,97109
208,http://www.w3.org/2000/01/rdf-schema#seeAlso,95401
209,https://w3id.org/arco/ontology/denotative-description/isCharacteristicClassifiedBy,93999
210,https://w3id.org/italia/onto/CLV/hasAddress,93590
211,https://w3id.org/arco/ontology/context-description/hasSurveyScientificDirector,91637
212,https://w3id.org/arco/ontology/context-description/hasProponentAgency,90609
213,https://w3id.org/arco/ontology/context-description/isProponentAgencyOf,90448
214,https://w3id.org/arco/ontology/arco/suffix,90330
215,https://w3id.org/italia/onto/TI/date,90079
216,https://w3id.org/arco/ontology/location/hasCadastralIdentity,88071
217,https://w3id.org/arco/ontology/denotative-description/occurrences,86690
218,http://www.w3.org/2002/07/owl#deprecated,83521
219,https://w3id.org/arco/ontology/movable-property/hasTaxon,82810
220,https://w3id.org/arco/ontology/core/hasClassificationInTime,82337
221,https://w3id.org/arco/ontology/context-description/hasEdition,81979
222,https://w3id.org/italia/onto/SM/hasOnlineContactPoint,80123
223,http://dati.beniculturali.it/cis/involvesCulturalEntity,80073
224,https://w3id.org/arco/ontology/context-description/hasAgentWithResponsibility,79470
225,https://w3id.org/arco/ontology/context-description/hasResponsibility,79470
226,https://w3id.org/italia/onto/CPV/familyName,78982
227,https://w3id.org/arco/ontology/context-description/hasCircumstance,78375
228,https://w3id.org/italia/onto/CPV/givenName,76850
229,https://w3id.org/arco/ontology/denotative-description/hasCulturalPropertyDefinition,72803
230,https://w3id.org/italia/onto/TI/hasDayOfWeek,72786
231,https://w3id.org/italia/onto/AccessCondition/hasAdmissionType,72786
232,https://w3id.org/italia/onto/AccessCondition/closes,72786
233,https://w3id.org/italia/onto/AccessCondition/opens,72786
234,https://w3id.org/arco/ontology/context-description/issueDate,70861
235,https://w3id.org/arco/ontology/location/hasCadastralCity,68636
236,https://w3id.org/arco/ontology/context-description/hasBibliographyType,66817
237,http://www.w3.org/2004/02/skos/core#prefLabel,66722
238,https://w3id.org/arco/ontology/catalogue/deletedICCDIdentifier,66459
239,http://lod.xdams.org/reload/oad/extentAndMedium,64365
240,https://w3id.org/italia/onto/SM/hasTelephone,64242
241,https://w3id.org/italia/onto/CPV/sexID,62556
242,https://w3id.org/italia/onto/CPV/hasSex,62533
243,https://w3id.org/arco/ontology/context-description/hasCommission,62484
244,https://w3id.org/arco/ontology/context-description/hasCommittent,60598
245,https://w3id.org/arco/ontology/immovable-property/hasCovering,59517
246,https://w3id.org/arco/ontology/construction-description/hasCovering,59517
247,https://w3id.org/arco/ontology/context-description/digitalFileName,59061
248,https://w3id.org/arco/ontology/natural-specimen-description/hasTaxon,58083
249,http://dati.beniculturali.it/cis/hasSite,57886
250,https://w3id.org/arco/ontology/denotative-description/hasIconographicOrDecorativeApparatus,57319
251,https://w3id.org/italia/onto/CLV/hasAddressArea,57254
252,https://w3id.org/arco/ontology/context-description/hasActivitySponsor,56636
253,https://w3id.org/arco/ontology/core/isIdentifiedBy,56357
254,https://w3id.org/arco/ontology/context-description/editionLocation,55858
255,https://w3id.org/arco/ontology/core/isClassifiedBy,55373
256,https://w3id.org/arco/ontology/context-description/hasAuthorityFileCataloguingAgency,55103
257,https://w3id.org/arco/ontology/catalogue/hasUpdateResponsibleAgent,53828
258,https://w3id.org/arco/ontology/location/hasSiteType,53749
259,https://w3id.org/arco/ontology/core/hasAutoreOpera,53360
260,https://w3id.org/arco/ontology/denotative-description/hasIconographicOrDecorativeApparatusType,52531
261,https://w3id.org/italia/onto/SM/hasEmail,50604
262,https://w3id.org/arco/ontology/context-description/attributedTitle,47697
263,http://www.w3.org/2004/02/skos/core#inScheme,47551
264,https://w3id.org/arco/ontology/context-description/hasCulturalPropertyStage,46994
265,https://w3id.org/arco/ontology/natural-specimen-description/hasSpecimenHarvesting,46421
266,https://w3id.org/arco/ontology/movable-property/hasSpecimenHarvesting,46415
267,https://w3id.org/arco/ontology/context-description/isSpecimenMemberOf,45830
268,http://dati.beniculturali.it/cis/isSubjectOf,45732
269,https://w3id.org/arco/ontology/context-description/hasUrbanPlanningInstrument,45556
270,https://w3id.org/arco/ontology/context-description/isMemberOfSpecimenCollectionOf,45526
271,http://www.w3.org/2004/02/skos/core#broader,45105
272,http://www.w3.org/2004/02/skos/core#narrower,45101
273,https://w3id.org/italia/onto/CLV/postCode,44970
274,https://w3id.org/arco/ontology/context-description/insertionDate,44265
275,http://www.w3.org/2004/02/skos/core#closeMatch,43723
276,https://w3id.org/arco/ontology/movable-property/isClassifiedByCurrentTaxon,42576
277,https://w3id.org/arco/ontology/natural-specimen-description/isIdentifiedByCurrentTaxon,42576
278,https://w3id.org/arco/ontology/construction-description/hasLayout,42099
279,https://w3id.org/arco/ontology/context-description/abbreviation,42032
280,https://w3id.org/arco/ontology/immovable-property/hasLayout,41952
281,https://w3id.org/arco/ontology/context-description/isMemberOfCollectionOf,40613
282,https://w3id.org/arco/ontology/context-description/hasMemberOfCollection,40511
283,https://w3id.org/italia/onto/POT/hasTicket,40332
284,http://dati.beniculturali.it/cis/institutionalCISName,39410
285,https://w3id.org/arco/ontology/core/hasIdentificationInTime,38880
286,https://w3id.org/arco/ontology/natural-specimen-description/isClassifiedByCurrentTaxon,38871
287,https://w3id.org/arco/ontology/catalogue/hasUpdateScientificRevisor,38697
288,https://w3id.org/italia/onto/SM/hasTelephoneType,38539
289,https://w3id.org/arco/ontology/context-description/hasEligibleIntervention,38145
290,https://w3id.org/arco/ontology/context-description/hasScale,38141
291,https://w3id.org/arco/ontology/catalogue/recoveredData,37964
292,https://w3id.org/arco/ontology/context-description/relatedWorkNote,37817
293,https://w3id.org/arco/ontology/movable-property/hasChemicalFormula,36561
294,https://w3id.org/arco/ontology/natural-specimen-description/hasChemicalFormula,36561
295,https://w3id.org/arco/ontology/denotative-description/hasCulturalPropertyAvailability,36108
296,https://w3id.org/italia/onto/POT/includes,35461
297,https://w3id.org/italia/onto/POT/hasPriceSpecification,35461
298,https://w3id.org/italia/onto/POT/hasCurrency,35461
299,https://w3id.org/italia/onto/POT/hasCurrencyValue,35461
300,https://w3id.org/arco/ontology/movable-property/hasUnitCell,35316
301,https://w3id.org/arco/ontology/natural-specimen-description/hasUnitCell,35316
302,https://w3id.org/arco/ontology/movable-property/hasSpaceGroup,35183
303,https://w3id.org/arco/ontology/natural-specimen-description/hasSpaceGroup,35183
304,https://w3id.org/arco/ontology/movable-property/hasCrystalSystem,35114
305,https://w3id.org/arco/ontology/natural-specimen-description/hasCrystalSystem,35114
306,https://w3id.org/arco/ontology/movable-property/hasPointGroup,34981
307,https://w3id.org/arco/ontology/movable-property/hasCrystalClass,34981
308,https://w3id.org/arco/ontology/natural-specimen-description/hasPointGroup,34981
309,https://w3id.org/arco/ontology/natural-specimen-description/hasCrystalClass,34981
310,https://w3id.org/arco/ontology/context-description/noticeDate,33624
311,https://w3id.org/arco/ontology/context-description/activityPlaceAndPeriod,32903
312,http://www.w3.org/2002/07/owl#versionInfo,32552
313,https://w3id.org/arco/ontology/context-description/isReusedBy,32425
314,https://w3id.org/arco/ontology/location/hasTypeOfContext,32146
315,https://w3id.org/arco/ontology/context-description/archivalRecordLocation,32079
316,https://w3id.org/italia/onto/CLV/hasSpatialCoverage,31680
317,http://dati.beniculturali.it/cis/isSiteOf,31657
318,https://w3id.org/arco/ontology/movable-property/hasCrystalMorphology,31230
319,https://w3id.org/arco/ontology/natural-specimen-description/hasCrystalMorphology,31230
320,https://w3id.org/italia/onto/CPV/hasBirthPlace,30791
321,https://w3id.org/arco/ontology/denotative-description/hasPhotoSize,30548
322,https://w3id.org/italia/onto/SM/isEmailOf,29949
323,https://w3id.org/italia/onto/SM/hasWebSite,29926
324,https://w3id.org/arco/ontology/location/hasTerritorialArea,29740
325,http://purl.org/dc/terms/modified,29440
326,https://w3id.org/italia/onto/l0/hasDescription,29293
327,http://dati.beniculturali.it/cis/isMemberOfColCultEnt,29292
328,http://purl.org/dc/terms/created,28747
329,https://w3id.org/arco/ontology/context-description/useConditions,28588
330,https://w3id.org/arco/ontology/denotative-description/hasCulturalPropertySpecification,28367
331,https://w3id.org/italia/onto/CLV/officialStreetName,28275
332,https://w3id.org/italia/onto/CPV/dateOfBirth,28052
333,http://purl.org/dc/terms/available,27565
334,http://xmlns.com/foaf/0.1/primaryTopic,27565
335,https://w3id.org/italia/onto/CLV/hasStreetToponym,27477
336,https://w3id.org/arco/ontology/construction-description/hasConstructionSpace,27233
337,https://w3id.org/arco/ontology/context-description/relatedWorkLocation,26942
338,https://w3id.org/arco/ontology/context-description/hasCopyright,26188
339,https://w3id.org/italia/onto/SM/hasTelephoneNumber,26025
340,https://w3id.org/italia/onto/CPV/dateOfDeath,25699
341,http://lod.xdams.org/reload/oad/hasProduction,24118
342,https://w3id.org/italia/onto/CLV/long,23939
343,https://w3id.org/italia/onto/CLV/lat,23939
344,https://w3id.org/arco/ontology/arco/positionInSequence,23406
345,http://purl.org/dc/elements/1.1/extent,23048
346,https://w3id.org/arco/ontology/denotative-description/hasCulturalPropertyAccessibility,22140
347,http://purl.org/dc/terms/isPartOf,22020
348,http://lod.xdams.org/reload/oad/has_level,22017
349,https://w3id.org/arco/ontology/context-description/hasCopyrightHolder,21853
350,http://purl.org/dc/terms/subject,21664
351,https://w3id.org/italia/onto/TI/startTime,21481
352,https://w3id.org/italia/onto/TI/endTime,21481
353,http://purl.org/dc/terms/provenance,21456
354,http://lod.xdams.org/reload/oad/title,21455
355,http://lod.xdams.org/reload/oad/referenceCode,21455
356,http://dati.beniculturali.it/cis/isInSite,21455
357,http://lod.xdams.org/reload/oad/startDate,21454
358,http://lod.xdams.org/reload/oad/endDate,21454
359,https://w3id.org/italia/onto/SM/emailAddress,21441
360,https://w3id.org/italia/onto/SM/hasEmailType,21428
361,http://dati.beniculturali.it/cis/isHostedBySite,21165
362,https://w3id.org/arco/ontology/cataloguing-campaign/hasStatus,21069
363,https://w3id.org/italia/onto/CPV/hasDeathPlace,20971
364,https://w3id.org/arco/ontology/location/hasAltitude,20431
365,https://w3id.org/italia/onto/CLV/toponymQualifier,20389
366,https://w3id.org/arco/ontology/denotative-description/hasWritingSystem,20056
367,https://w3id.org/arco/ontology/location/alt,18964
368,https://w3id.org/arco/ontology/immovable-property/hasDesign,18627
369,https://w3id.org/arco/ontology/construction-description/hasDesign,18627
370,https://w3id.org/arco/ontology/context-description/hasDetectionMethod,18458
371,http://dati.beniculturali.it/cis/ISILidentifier,18218
372,https://w3id.org/arco/ontology/context-description/hasDerivatedWorkType,18040
373,https://w3id.org/arco/ontology/context-description/hasChangeOfAvailabilityType,17562
374,https://w3id.org/arco/ontology/context-description/hasInterventionType,17522
375,https://w3id.org/arco/ontology/natural-specimen-description/hasIdentificationInTime,17266
376,https://w3id.org/arco/ontology/immovable-property/hasInteriorSubdivision,17154
377,https://w3id.org/arco/ontology/construction-description/hasInteriorSubdivision,17154
378,http://rdfs.org/ns/void#triples,16542
379,https://w3id.org/arco/ontology/context-description/hasChangeOfAvailability,16387
380,https://w3id.org/arco/ontology/context-description/address,16313
381,http://dati.beniculturali.it/cis/hasCISNameInTime,16287
382,https://w3id.org/arco/ontology/context-description/archivalRecordSetTitle,16193
383,https://w3id.org/arco/ontology/context-description/uncertainAuthorshipAttribution,16143
384,https://w3id.org/arco/ontology/context-description/isKeptIn,16103
385,https://w3id.org/arco/ontology/context-description/isLocatedIn,15954
386,https://w3id.org/arco/ontology/construction-description/numberOfFloors,15866
387,https://w3id.org/arco/ontology/immovable-property/numberOfFloors,15866
388,http://rdfs.org/ns/void#propertyPartition,15825
389,http://rdfs.org/ns/void#property,15825
390,https://w3id.org/arco/ontology/location/hasToponymInTime,15445
391,https://w3id.org/arco/ontology/immovable-property/refersToFloorOrLevel,15430
392,https://w3id.org/arco/ontology/construction-description/refersToFloorOrLevel,15430
393,https://w3id.org/arco/ontology/denotative-description/hasFiligree,15397
394,https://w3id.org/arco/ontology/context-description/hasReproduction,15277
395,https://w3id.org/arco/ontology/context-description/collectionUnitIdentifier,15265
396,https://w3id.org/arco/ontology/context-description/hasSurveyMethod,14573
397,https://w3id.org/arco/ontology/natural-specimen-description/hasLabel,14551
398,https://w3id.org/italia/onto/RO/forEntity,14426
399,https://w3id.org/italia/onto/RO/holdsRoleInTime,14426
400,https://w3id.org/arco/ontology/core/keyword,14072
401,https://w3id.org/arco/ontology/context-description/hasUseFunction,14029
402,https://w3id.org/arco/ontology/natural-specimen-description/hasDirectHigherRank,13931
403,https://w3id.org/italia/onto/CLV/hasHigherRank,13627
404,https://w3id.org/arco/ontology/arco/RVERidentifier,13521
405,https://w3id.org/arco/ontology/natural-specimen-description/bodyTranscript,13495
406,https://w3id.org/arco/ontology/context-description/hasReproductionPosition,13097
407,https://w3id.org/arco/ontology/construction-description/hasRoofStructure,12893
408,https://w3id.org/arco/ontology/immovable-property/hasRoofStructure,12868
409,https://w3id.org/arco/ontology/context-description/isResponsibilityFor,12781
410,https://w3id.org/arco/ontology/denotative-description/hasLegibility,12764
411,https://w3id.org/italia/onto/SM/telephoneNumber,12628
412,https://w3id.org/arco/ontology/context-description/hasUser,12359
413,https://w3id.org/arco/ontology/core/involvesAgent,12164
414,https://w3id.org/arco/ontology/context-description/hasCoinIssuance,12063
415,https://w3id.org/arco/ontology/context-description/hasIssuer,11663
416,https://w3id.org/italia/onto/SM/url,11311
417,https://w3id.org/arco/ontology/context-description/hasSurveyMotivation,11192
418,https://w3id.org/arco/ontology/immovable-property/significantIconographicInformation,11142
419,https://w3id.org/arco/ontology/construction-description/significantIconographicInformation,11142
420,https://w3id.org/arco/ontology/construction-description/mainFacade,11032
421,https://w3id.org/arco/ontology/immovable-property/numberOfFlights,11015
422,https://w3id.org/arco/ontology/construction-description/numberOfFlights,11015
423,https://w3id.org/arco/ontology/context-description/isMemberOfNumismaticSeriesOf,11005
424,https://w3id.org/arco/ontology/context-description/isCoinMemberOf,11005
425,https://w3id.org/arco/ontology/denotative-description/hasDesignationInTimeType,10864
426,https://w3id.org/arco/ontology/location/pointType,10751
427,https://w3id.org/arco/ontology/location/hasClericalAdministrativeArea,10661
428,https://w3id.org/italia/onto/CLV/streetNumber,10613
429,https://w3id.org/italia/onto/CLV/hasNumber,10611
430,https://w3id.org/arco/ontology/denotative-description/storageConditions,10369
431,https://w3id.org/arco/ontology/context-description/framework,10325
432,https://w3id.org/arco/ontology/context-description/hasMint,9858
433,https://w3id.org/arco/ontology/context-description/isPrintingPlateMemberOf,9819
434,https://w3id.org/arco/ontology/context-description/isMemberOfPrintingPlatesSeriesOf,9819
435,https://w3id.org/arco/ontology/catalogue/hasDigitalTranscriptionResponsibleAgent,9818
436,https://w3id.org/arco/ontology/construction-description/isFoundationOf,9318
437,https://w3id.org/arco/ontology/immovable-property/isFoundationOf,9260
438,https://w3id.org/arco/ontology/context-description/pageOrTableNumber,9133
439,https://w3id.org/arco/ontology/context-description/caption,8583
440,https://w3id.org/arco/ontology/location/hasGeologicalContex,8400
441,https://w3id.org/arco/ontology/location/hasFindingStratum,8398
442,https://w3id.org/arco/ontology/location/hasStratum,8397
443,https://w3id.org/arco/ontology/context-description/hasProfession,8310
444,http://www.geonames.org/ontology#parentCountry,8031
445,http://www.geonames.org/ontology#parentADM1,8011
446,http://www.geonames.org/ontology#parentADM2,7904
447,https://w3id.org/arco/ontology/context-description/hasDepiction,7898
448,https://w3id.org/arco/ontology/context-description/registrationDateOrGU,7751
449,https://w3id.org/arco/ontology/context-description/alternativeName,7391
450,https://w3id.org/arco/ontology/denotative-description/hasFileFormat,7187
451,https://w3id.org/arco/ontology/denotative-description/hasStorageMethodOrColourDepth,7185
452,https://w3id.org/arco/ontology/cataloguing-campaign/isCataloguingActivityOf,7104
453,https://w3id.org/arco/ontology/context-description/hasUserSocialCategory,7076
454,https://w3id.org/arco/ontology/movable-property/hasDirectHigherRank,7003
455,https://w3id.org/arco/ontology/arco/hasMainDiscipline,6959
456,https://w3id.org/arco/ontology/denotative-description/hasPixelDimension,6649
457,https://w3id.org/arco/ontology/arco/hasAlternativeDiscipline,6647
458,https://w3id.org/arco/ontology/denotative-description/hasSupport,6607
459,https://w3id.org/arco/ontology/natural-specimen-description/headingTranscript,6506
460,https://w3id.org/arco/ontology/context-description/hasIssuingState,6463
461,https://w3id.org/arco/ontology/construction-description/spatialLocation,6396
462,https://w3id.org/arco/ontology/immovable-property/spatialLocation,6396
463,https://w3id.org/arco/ontology/context-description/signature,6204
464,https://w3id.org/arco/ontology/movable-property/hasHarvestingOperator,6202
465,https://w3id.org/arco/ontology/natural-specimen-description/hasHarvestingOperator,6202
466,https://w3id.org/arco/ontology/location/locationDetails,6152
467,https://w3id.org/arco/ontology/cataloguing-campaign/lastNumberAssigned,6056
468,https://w3id.org/arco/ontology/cataloguing-campaign/firstNumberAssigned,6053
469,http://www.w3.org/2003/01/geo/wgs84_pos#lat,6052
470,http://www.w3.org/2003/01/geo/wgs84_pos#long,6052
471,https://w3id.org/arco/ontology/catalogue/describes,5906
472,https://w3id.org/arco/ontology/catalogue/isDescribedBy,5906
473,https://w3id.org/arco/ontology/cataloguing-campaign/totalOfAssignedNumber,5895
474,https://w3id.org/arco/ontology/context-description/hasCulturalPropertyRecordResponsibleAgent,5843
475,http://dati.beniculturali.it/cis/isPartOf,5801
476,http://dati.beniculturali.it/cis/hasDiscipline,5745
477,https://w3id.org/arco/ontology/arco/hasNumismaticPropertyCategory,5726
478,https://w3id.org/arco/ontology/arco/numberOfElements,5715
479,https://w3id.org/arco/ontology/catalogue/culturalPropertyRecordIdentifier,5655
480,https://w3id.org/arco/ontology/construction-description/laysOnSoil,5616
481,https://w3id.org/arco/ontology/denotative-description/proposedIntervention,5305
482,https://w3id.org/arco/ontology/immovable-property/hasFlooringLayout,5274
483,https://w3id.org/arco/ontology/construction-description/hasFlooringLayout,5274
484,https://w3id.org/arco/ontology/arco/hasArchaeologicalMaterialCategory,5216
485,https://w3id.org/arco/ontology/arco/numberOfArchaeologicalMaterials,5216
486,https://w3id.org/arco/ontology/cataloguing-campaign/isActivityOf,4935
487,http://dati.beniculturali.it/cis/altCISName,4920
488,https://w3id.org/arco/ontology/movable-property/currentClassification,4770
489,https://w3id.org/arco/ontology/natural-specimen-description/currentIdentification,4770
490,https://w3id.org/arco/ontology/context-description/hasTomb,4715
491,https://w3id.org/arco/ontology/context-description/hasFindingContext,4670
492,https://w3id.org/arco/ontology/context-description/numberInCirculation,4665
493,https://w3id.org/arco/ontology/context-description/pseudonym,4648
494,https://w3id.org/arco/ontology/context-description/rights,4605
495,https://w3id.org/arco/ontology/movable-property/newDanaCode,4602
496,https://w3id.org/arco/ontology/natural-specimen-description/newDanaCode,4602
497,https://w3id.org/arco/ontology/context-description/expiryDate,4513
498,https://w3id.org/arco/ontology/context-description/parallelTitle,4505
499,https://w3id.org/arco/ontology/cataloguing-campaign/hasAgencyProtocol,4464
500,https://w3id.org/arco/ontology/denotative-description/hasOrnamentalMotif,4256
501,https://w3id.org/arco/ontology/context-description/hasResearchScientificDirector,4191
502,https://w3id.org/arco/ontology/movable-property/hasLabel,4144
503,https://w3id.org/arco/ontology/context-description/isRelatedToResearch,4011
504,https://w3id.org/arco/ontology/context-description/archeologicalExcavationLocalIdentifier,3980
505,https://w3id.org/arco/ontology/context-description/hasLaboratoryTest,3943
506,https://w3id.org/arco/ontology/movable-property/bodyTranscript,3893
507,https://w3id.org/arco/ontology/natural-specimen-description/hasHostRock,3849
508,https://w3id.org/arco/ontology/natural-specimen-description/originalMaterial,3829
509,https://w3id.org/arco/ontology/context-description/hasStratigraphicUnit,3780
510,https://w3id.org/arco/ontology/context-description/relatedWorkRecordIdentifier,3659
511,https://w3id.org/arco/ontology/movable-property/strunzCode,3603
512,https://w3id.org/arco/ontology/natural-specimen-description/strunzCode,3603
513,https://w3id.org/arco/ontology/context-description/sex,3591
514,https://w3id.org/arco/ontology/context-description/explanationNote,3391
515,https://w3id.org/arco/ontology/location/hasNaturalEnvironment,3371
516,http://www.w3.org/2004/02/skos/core#member,3235
517,https://w3id.org/arco/ontology/cataloguing-campaign/hasCatalogueNumberAssignment,3179
518,https://w3id.org/arco/ontology/denotative-description/hasRelatedWorkSituation,3079
519,https://w3id.org/arco/ontology/immovable-property/laysOnSoil,2964
520,https://w3id.org/arco/ontology/context-description/hasSexInterpretation,2895
521,http://schema.org/dateCreated,2864
522,http://xmlns.com/foaf/0.1/maker,2862
523,http://www.w3.org/2004/02/skos/core#related,2861
524,https://w3id.org/arco/ontology/core/hasConsequence,2576
525,https://w3id.org/arco/ontology/movable-property/headingTranscript,2535
526,http://purl.org/dc/terms/title,2514
527,http://www.w3.org/2004/02/skos/core#topConceptOf,2442
528,http://www.w3.org/2004/02/skos/core#hasTopConcept,2442
529,https://w3id.org/arco/ontology/context-description/hasDevelopmentStage,2426
530,https://w3id.org/arco/ontology/cataloguing-campaign/isCatalogueNumberAssignmentOf,2403
531,https://w3id.org/arco/ontology/cataloguing-campaign/applicationDate,2403
532,https://w3id.org/arco/ontology/cataloguing-campaign/hasApplicantAgency,2403
533,https://w3id.org/arco/ontology/cataloguing-campaign/approvalDate,2403
534,https://w3id.org/arco/ontology/cataloguing-campaign/hasApplication,2403
535,https://w3id.org/arco/ontology/cataloguing-campaign/hasIccdProtocol,2372
536,http://purl.org/dc/terms/description,2309
537,https://w3id.org/arco/ontology/movable-property/hasLowerRank,2295
538,https://w3id.org/arco/ontology/natural-specimen-description/hasLowerRank,2295
539,http://www.w3.org/2000/01/rdf-schema#isDefinedBy,2277
540,https://w3id.org/arco/ontology/context-description/authorICCDIdentifier,2198
541,https://w3id.org/italia/onto/RO/hasRiT,2179
542,https://w3id.org/arco/ontology/movable-property/numberOfLabels,2178
543,https://w3id.org/arco/ontology/natural-specimen-description/numberOfLabels,2178
544,https://w3id.org/arco/ontology/location/hasSiteDefinition,2159
545,http://purl.org/dc/terms/license,2102
546,http://www.w3.org/ns/dcat#accessURL,2075
547,http://purl.org/dc/terms/format,2075
548,http://www.w3.org/ns/dcat#distribution,2072
549,https://w3id.org/arco/ontology/cataloguing-campaign/isApplicationOf,2061
550,https://w3id.org/arco/ontology/cataloguing-campaign/hasICCDProtocol,2061
551,http://www.w3.org/2000/01/rdf-schema#subClassOf,2052
552,https://w3id.org/arco/ontology/context-description/thesaurus,2035
553,http://www.w3.org/ns/dcat#downloadURL,2012
554,https://w3id.org/arco/ontology/denotative-description/hasDedicatee,1934
555,https://w3id.org/arco/ontology/natural-specimen-description/isContainedIn,1918
556,http://www.w3.org/2000/01/rdf-schema#domain,1911
557,https://w3id.org/arco/ontology/context-description/hasFindingLocation,1901
558,https://w3id.org/arco/ontology/location/administrativeOrderNumber,1881
559,https://w3id.org/arco/ontology/denotative-description/anthropologicalMaterialMorphology,1850
560,https://w3id.org/arco/ontology/context-description/bibliographyICCDIdentifier,1812
561,https://w3id.org/arco/ontology/movable-property/genusNumber,1810
562,https://w3id.org/arco/ontology/natural-specimen-description/genusNumber,1810
563,http://www.w3.org/2000/01/rdf-schema#range,1798
564,http://www.w3.org/2004/02/skos/core#altLabel,1693
565,https://w3id.org/arco/ontology/location/hasOldTownAdministrativeType,1680
566,https://w3id.org/arco/ontology/location/hasCadastreType,1668
567,https://w3id.org/arco/ontology/natural-specimen-description/hasDiaphaneity,1663
568,https://w3id.org/arco/ontology/movable-property/hasDiaphaneity,1663
569,https://w3id.org/arco/ontology/natural-specimen-description/hasCrystalHabit,1535
570,https://w3id.org/arco/ontology/movable-property/hasCrystalHabit,1535
571,https://w3id.org/arco/ontology/denotative-description/hasProtectiveMeasure,1527
572,https://w3id.org/arco/ontology/context-description/involvesMainAgent,1504
573,https://w3id.org/arco/ontology/natural-specimen-description/hasLustre,1502
574,https://w3id.org/arco/ontology/movable-property/hasLustre,1502
575,https://w3id.org/arco/ontology/context-description/hasEstimate,1493
576,http://www.w3.org/2000/01/rdf-schema#subPropertyOf,1486
577,https://w3id.org/arco/ontology/movable-property/numberOfEnvelopes,1458
578,https://w3id.org/arco/ontology/natural-specimen-description/numberOfEnvelopes,1458
579,https://w3id.org/arco/ontology/location/cadastreName,1410
580,https://w3id.org/arco/ontology/context-description/estimatedValue,1389
581,https://w3id.org/arco/ontology/location/hasSiteSpecification,1386
582,http://www.w3.org/2004/02/skos/core#editorialNote,1377
583,https://w3id.org/arco/ontology/catalogue/iccdNormTag,1365
584,https://w3id.org/arco/ontology/movable-property/hasAccession,1349
585,https://w3id.org/arco/ontology/natural-specimen-description/hasAccession,1349
586,http://lod.xdams.org/reload/oad/has_entity,1348
587,https://w3id.org/arco/ontology/context-description/isMemberOfPhotographicSeriesIn,1318
588,https://w3id.org/arco/ontology/context-description/isPhotoMemberOf,1317
589,https://w3id.org/arco/ontology/context-description/relatedWorkPreviousLocation,1310
590,https://w3id.org/arco/ontology/natural-specimen-description/hasTypeSpecimenIdentification,1296
591,https://w3id.org/arco/ontology/movable-property/originalClassification,1292
592,https://w3id.org/arco/ontology/natural-specimen-description/originalIdentification,1292
593,https://w3id.org/arco/ontology/natural-specimen-description/hasTypeOfTypeSpecimen,1290
594,https://w3id.org/arco/ontology/arco/hasReferenceCoinLegend,1258
595,https://w3id.org/arco/ontology/arco/classifiedSubject,1226
596,https://w3id.org/arco/ontology/arco/hasPhotographicHeritageClassification,1226
597,https://w3id.org/arco/ontology/arco/hasPhotographicHeritageClassificationType,1224
598,https://w3id.org/arco/ontology/arco/definitionAndPositionOfComponents,1221
599,http://www.w3.org/2004/02/skos/core#definition,1189
600,https://w3id.org/arco/ontology/context-description/photographicSeriesItemNumber,1181
601,https://w3id.org/arco/ontology/context-description/openingNoticeDate,1178
602,http://www.openlinksw.com/schemas/DAV#ownerUser,1175
603,https://w3id.org/arco/ontology/natural-specimen-description/producesTaxon,1167
604,http://purl.org/dc/terms/extent,1145
605,http://www.w3.org/2002/07/owl#onProperty,1117
606,https://w3id.org/arco/ontology/context-description/environmentalState,1083
607,https://w3id.org/arco/ontology/movable-property/isClassifiedByOriginalTaxon,1065
608,https://w3id.org/arco/ontology/natural-specimen-description/isIdentifiedByOriginalTaxon,1065
609,https://w3id.org/arco/ontology/context-description/isInvolvedIn,1016
610,https://w3id.org/arco/ontology/context-description/hasMinter,973
611,https://w3id.org/arco/ontology/arco/internationalIdentifier,945
612,https://w3id.org/arco/ontology/context-description/authorIntervention,936
613,https://w3id.org/arco/ontology/location/hasOutcrop,934
614,https://w3id.org/arco/ontology/context-description/hasUrbanPlanningEnvironmentalRelationWith,933
615,https://w3id.org/arco/ontology/construction-description/hasPreviousStructureOrElements,932
616,https://w3id.org/arco/ontology/location/geographicalDescription,914
617,https://w3id.org/arco/ontology/context-description/methodOfManufacturing,897
618,https://w3id.org/arco/ontology/context-description/hasReferenceCatalogue,890
619,https://w3id.org/arco/ontology/core/hasComponent,890
620,https://w3id.org/arco/ontology/movable-property/hasTypeSpecimenIdentification,880
621,https://w3id.org/arco/ontology/movable-property/hasTypeOfTypeSpecimen,880
622,https://w3id.org/arco/ontology/context-description/hasLaboratoryTestType,875
623,https://w3id.org/arco/ontology/location/culturalInstituteOrSiteIdentifier,871
624,https://w3id.org/arco/ontology/natural-specimen-description/imaCode,844
625,https://w3id.org/arco/ontology/movable-property/imaCode,844
626,https://w3id.org/arco/ontology/context-description/hasPreviousLocation,844
627,https://w3id.org/arco/ontology/catalogue/referenceProject,821
628,https://w3id.org/arco/ontology/context-description/collectionLeavingReason,802
629,http://www.w3.org/2002/07/owl#allValuesFrom,796
630,https://w3id.org/arco/ontology/location/hasCulturalInstituteOrSiteType,795
631,https://w3id.org/italia/onto/COV/hasSpatialCoverage,789
632,https://w3id.org/arco/ontology/movable-property/producesTaxon,758
633,https://w3id.org/arco/ontology/clothing-description/hasClothingElement,757
634,https://w3id.org/arco/ontology/natural-specimen-description/fallDate,739
635,https://w3id.org/arco/ontology/movable-property/fallDate,739
636,http://purl.org/goodrelations/v1#eligibleRegions,738
637,https://w3id.org/arco/ontology/location/hasHarvestingMethod,726
638,https://w3id.org/arco/ontology/context-description/informationGatheredOnSite,706
639,https://w3id.org/arco/ontology/location/hasMineralDeposit,705
640,https://w3id.org/arco/ontology/location/hasHarvestingMotivation,671
641,http://www.w3.org/2002/07/owl#inverseOf,657
642,https://w3id.org/arco/ontology/denotative-description/hasPhotoProgram,626
643,https://w3id.org/arco/ontology/clothing-description/intendedUser,624
644,https://w3id.org/arco/ontology/core/specification,610
645,http://www.w3.org/1999/02/22-rdf-syntax-ns#first,609
646,http://www.w3.org/1999/02/22-rdf-syntax-ns#rest,609
647,https://w3id.org/arco/ontology/context-description/hasRecording,606
648,https://w3id.org/arco/ontology/context-description/primaryDocument,606
649,https://w3id.org/arco/ontology/denotative-description/hasGarmentColour,597
650,http://dati.beniculturali.it/iccd/fotografico/haLivello,573
651,http://www.cidoc-crm.org/cidoc-crm/P106i_forms_part_of,565
652,http://dati.beniculturali.it/iccd/fotografico/parteDiFondo,565
653,http://dati.beniculturali.it/iccd/fotografico/parteDi,565
654,http://dati.san.beniculturali.it/SAN/has_livelloSuperiore,565
655,http://dati.san.beniculturali.it/SAN/has_conservatore,562
656,http://www.cidoc-crm.org/cidoc-crm/P50_has_current_keeper,562
657,http://dati.beniculturali.it/iccd/fotografico/haConservatore,562
658,http://dati.beniculturali.it/iccd/fotografico/soggetto,554
659,http://dati.beniculturali.it/iccd/fotografico/indicazioneColore,554
660,http://dati.beniculturali.it/iccd/fotografico/nrInventario,554
661,http://dati.beniculturali.it/iccd/fotografico/haDefinizioneOggetto,554
662,http://dati.beniculturali.it/iccd/fotografico/haLuogoRipresa,554
663,http://purl.org/dc/elements/1.1/isReferencedBy,544
664,https://w3id.org/arco/ontology/natural-specimen-description/hasAlterationGrade,527
665,https://w3id.org/arco/ontology/movable-property/hasAlterationGrade,527
666,https://w3id.org/arco/ontology/context-description/hasInventory,525
667,https://w3id.org/arco/ontology/construction-description/hasVerticalElement,490
668,https://w3id.org/arco/ontology/context-description/hasStorageMedium,488
669,https://w3id.org/arco/ontology/context-description/originalStorageMedium,488
670,https://w3id.org/arco/ontology/context-description/historicalBiographicalInformation,488
671,https://w3id.org/arco/ontology/movable-property/refersToClassificationSystem,488
672,https://w3id.org/arco/ontology/natural-specimen-description/refersToClassificationSystem,488
673,https://w3id.org/arco/ontology/movable-property/hasHarvestingResponsible,486
674,https://w3id.org/arco/ontology/natural-specimen-description/hasHarvestingResponsible,486
675,https://w3id.org/arco/ontology/denotative-description/hasCommunicationMedium,485
676,https://w3id.org/arco/ontology/context-description/hasRelatedAgent,475
677,http://rdfs.org/ns/void#class,469
678,http://rdfs.org/ns/void#classPartition,469
679,https://w3id.org/arco/ontology/context-description/hasLicense,458
680,http://dati.beniculturali.it/iccd/fotografico/misureFormato,450
681,https://w3id.org/arco/ontology/context-description/hasAgeInterpretation,438
682,https://w3id.org/arco/ontology/denotative-description/involvesElement,437
683,https://w3id.org/arco/ontology/location/hasHistoricalArea,437
684,https://w3id.org/arco/ontology/core/hasConstituent,423
685,https://w3id.org/arco/ontology/movable-property/hasTaxonSpecification,419
686,https://w3id.org/arco/ontology/context-description/archeologicalFielSurveyLocalIdentifier,419
687,https://w3id.org/arco/ontology/context-description/age,403
688,https://w3id.org/arco/ontology/cultural-event/eventTimeLocation,392
689,https://w3id.org/arco/ontology/movable-property/hasMineralPresence,389
690,https://w3id.org/arco/ontology/movable-property/involvesMineral,389
691,https://w3id.org/arco/ontology/natural-specimen-description/involvesMineral,389
692,https://w3id.org/arco/ontology/natural-specimen-description/hasMineralPresence,389
693,http://www.w3.org/ns/dcat#keyword,388
694,https://w3id.org/arco/ontology/movable-property/hasHostRock,386
695,https://w3id.org/arco/ontology/movable-property/graphicSymbols,386
696,https://w3id.org/arco/ontology/natural-specimen-description/graphicSymbols,386
697,https://w3id.org/arco/ontology/context-description/synonym,377
698,https://w3id.org/arco/ontology/denotative-description/numberOfMaleParticipants,377
699,http://rdfs.org/ns/void#target,375
700,https://w3id.org/arco/ontology/denotative-description/hasEnvironment,363
701,https://w3id.org/arco/ontology/context-description/hasAgeType,363
702,https://w3id.org/arco/ontology/context-description/recordingEquipment,362
703,https://w3id.org/arco/ontology/core/abstract,361
704,https://w3id.org/arco/ontology/denotative-description/hasGarmentAnalysis,356
705,https://w3id.org/arco/ontology/context-description/archeologicalExcavationICCDIdentifier,353
706,https://w3id.org/arco/ontology/denotative-description/hasColour,345
707,https://w3id.org/arco/ontology/denotative-description/involvesAgeRange,342
708,https://w3id.org/arco/ontology/movable-property/hasDirectLowerRank,321
709,https://w3id.org/arco/ontology/natural-specimen-description/hasDirectLowerRank,321
710,https://w3id.org/arco/ontology/movable-property/hasHarvestingSponsor,311
711,https://w3id.org/arco/ontology/natural-specimen-description/hasHarvestingSponsor,311
712,https://w3id.org/arco/ontology/natural-specimen-description/hasCrystalTwinning,309
713,https://w3id.org/arco/ontology/movable-property/hasCrystalTwinning,309
714,https://w3id.org/arco/ontology/location/minAlt,305
715,http://dati.beniculturali.it/iccd/fotografico/categoria,305
716,https://w3id.org/arco/ontology/location/maxAlt,304
717,http://www.w3.org/2002/07/owl#someValuesFrom,303
718,https://w3id.org/arco/ontology/denotative-description/digitalPhotographNote,295
719,https://w3id.org/arco/ontology/cataloguing-campaign/acronym,291
720,https://w3id.org/arco/ontology/location/geologicalDescription,291
721,https://w3id.org/arco/ontology/location/geomorphologicalDescription,290
722,https://schema.org/nationality,290
723,https://w3id.org/italia/onto/CPV/alternativeName,288
724,https://w3id.org/arco/ontology/location/hasGovernamentalAdministrativeArea,282
725,https://w3id.org/arco/ontology/location/hasMap,279
726,https://w3id.org/arco/ontology/natural-specimen-description/hasTaxonSpecification,274
727,https://w3id.org/arco/ontology/immovable-property/hasMeasurementCollection,271
728,https://w3id.org/arco/ontology/construction-description/hasMeasurementCollection,271
729,https://w3id.org/arco/ontology/arco-lite/hasScientificDirector,269
730,https://w3id.org/arco/ontology/denotative-description/explanationNote,268
731,http://dati.beniculturali.it/iccd/fotografico/autoreFotografia,266
732,https://w3id.org/arco/ontology/movable-property/mainMineral,263
733,https://w3id.org/arco/ontology/natural-specimen-description/mainMineral,263
734,http://dati.beniculturali.it/iccd/fotografico/materiaTecnicaOggetto,262
735,https://w3id.org/arco/ontology/cultural-event/hasEventOrganiser,250
736,http://www.w3.org/ns/sparql-service-description#name,247
737,http://www.w3.org/ns/sparql-service-description#namedGraph,247
738,http://www.w3.org/ns/sparql-service-description#graph,247
739,https://w3id.org/arco/ontology/movable-property/hasTexture,232
740,https://w3id.org/arco/ontology/natural-specimen-description/hasTexture,232
741,https://w3id.org/arco/ontology/denotative-description/morphologicalDescription,231
742,https://w3id.org/arco/ontology/location/morphologicalDescription,231
743,http://purl.org/dc/terms/creator,229
744,http://dati.beniculturali.it/iccd/fotografico/cronologiaGenerica,227
745,http://purl.org/dc/terms/issued,223
746,https://w3id.org/arco/ontology/core/isIdentifiedByCurrentTaxon,223
747,https://w3id.org/arco/ontology/movable-property/hasPseudomorhosis,221
748,https://w3id.org/arco/ontology/movable-property/pseudomorph,221
749,https://w3id.org/arco/ontology/natural-specimen-description/hasPseudomorhosis,221
750,https://w3id.org/arco/ontology/natural-specimen-description/pseudomorph,221
751,http://purl.org/dc/terms/identifier,219
752,https://w3id.org/arco/ontology/construction-description/hasRoof,216
753,http://dati.beniculturali.it/iccd/fotografico/cronologiaSpecifica,215
754,https://w3id.org/arco/ontology/construction-description/hasHorizontalElement,215
755,http://purl.org/dc/terms/publisher,215
756,https://w3id.org/italia/onto/CLV/hasHistoricalAddress,214
757,http://purl.org/dc/terms/language,212
758,http://rdfs.org/ns/void#linkPredicate,211
759,https://w3id.org/arco/ontology/context-description/hasCollector,211
760,http://www.w3.org/ns/dcat#dataset,211
761,http://www.w3.org/ns/dcat#theme,210
762,http://purl.org/dc/terms/rightsHolder,210
763,http://www.w3.org/ns/dcat#contactPoint,210
764,http://purl.org/dc/terms/accrualPeriodicity,210
765,http://www.w3.org/ns/dcat#landingPage,209
766,http://dati.beniculturali.it/iccd/fotografico/cronologiaOpera,202
767,https://w3id.org/arco/ontology/context-description/isCollectorOf,202
768,https://w3id.org/arco/ontology/context-description/hasUseTypeSpecification,201
769,https://w3id.org/arco/ontology/denotative-description/hasAffixedElementType,197
770,https://w3id.org/arco/ontology/movable-property/radioactivity,197
771,https://w3id.org/arco/ontology/natural-specimen-description/radioactivity,197
772,http://www.w3.org/2002/07/owl#equivalentProperty,196
773,https://w3id.org/arco/ontology/denotative-description/hasMassStorage,194
774,https://w3id.org/arco/ontology/arco-lite/hasOperator,187
775,http://dati.beniculturali.it/iccd/fotografico/collocazione,185
776,https://w3id.org/arco/ontology/movable-property/hasSedimentaryStructure,181
777,https://w3id.org/arco/ontology/natural-specimen-description/hasSedimentaryStructure,181
778,https://w3id.org/arco/ontology/denotative-description/italianTranslation,179
779,https://w3id.org/arco/ontology/denotative-description/hasImplementationMethod,172
780,http://www.openlinksw.com/schemas/virtrdf#qmfValRange-rvrRestrictions,172
781,https://w3id.org/arco/ontology/construction-description/hasVerticalConnection,171
782,https://w3id.org/arco/ontology/arco-lite/hasResponsibleAgent,169
783,https://w3id.org/arco/ontology/context-description/hasResearch,169
784,https://w3id.org/arco/ontology/context-description/testResults,165
785,https://w3id.org/arco/ontology/context-description/nationality,164
786,https://w3id.org/arco/ontology/context-description/hasExportImportCertificationType,161
787,https://w3id.org/arco/ontology/context-description/hasExportImportCertification,161
788,https://w3id.org/arco/ontology/context-description/hasExportOffice,159
789,http://dati.beniculturali.it/iccd/fotografico/autoreOpera,147
790,https://w3id.org/arco/ontology/location/hasContinent,142
791,https://w3id.org/arco/ontology/context-description/hasFruition,138
792,https://w3id.org/arco/ontology/location/hasClimateSituation,137
793,https://w3id.org/arco/ontology/denotative-description/hasClimateSituation,137
794,http://www.openlinksw.com/schemas/virtrdf#item,135
795,https://w3id.org/arco/ontology/denotative-description/hasSampleCollected,135
796,https://w3id.org/arco/ontology/construction-description/hasConnectionElement,130
797,https://w3id.org/arco/ontology/immovable-property/hasConnectionElement,130
798,https://w3id.org/arco/ontology/immovable-property/hasWaterElement,130
799,https://w3id.org/arco/ontology/construction-description/hasWaterElement,130
800,http://www.openlinksw.com/schemas/virtrdf#qmfName,130
801,https://w3id.org/arco/ontology/context-description/hasEditor,129
802,https://w3id.org/arco/ontology/denotative-description/numberOfFemaleParticipants,123
803,https://w3id.org/arco/ontology/construction-description/scenografic,119
804,https://w3id.org/arco/ontology/immovable-property/scenografic,119
805,https://w3id.org/arco/ontology/natural-specimen-description/secondaryMineral,111
806,https://w3id.org/arco/ontology/movable-property/secondaryMineral,111
807,https://w3id.org/arco/ontology/location/hasZoogeographicRegion,107
808,https://w3id.org/arco/ontology/context-description/hasCreationLocation,102
809,https://w3id.org/arco/ontology/denotative-description/sampleCollectedIdentifier,100
810,http://www.openlinksw.com/schemas/virtrdf#inheritFrom,99
811,http://www.openlinksw.com/schemas/virtrdf#qmfSuperFormats,98
812,https://w3id.org/arco/ontology/denotative-description/hasResolution,90
813,https://w3id.org/arco/ontology/movable-property/hasInclusion,87
814,https://w3id.org/arco/ontology/movable-property/hasGeologicalContex,87
815,https://w3id.org/arco/ontology/immovable-property/hasTechnicalSystem,87
816,https://w3id.org/arco/ontology/natural-specimen-description/hasInclusion,87
817,https://w3id.org/arco/ontology/construction-description/hasTechnicalSystem,87
818,https://w3id.org/arco/ontology/natural-specimen-description/hasEruptiveType,86
819,https://w3id.org/arco/ontology/movable-property/hasEruptiveType,86
820,https://w3id.org/arco/ontology/context-description/contacts,85
821,http://www.w3.org/2002/07/owl#equivalentClass,84
822,https://w3id.org/arco/ontology/location/pedologicalDescription,83
823,https://w3id.org/arco/ontology/location/historicalEnvironmentContextDescription,78
824,https://w3id.org/arco/ontology/denotative-description/hasSampleCollectedType,77
825,https://w3id.org/arco/ontology/movable-property/hasGrains,75
826,http://www.w3.org/ns/sparql-service-description#resultFormat,75
827,https://w3id.org/arco/ontology/context-description/hasIssuingAgency,75
828,https://w3id.org/arco/ontology/natural-specimen-description/hasGrains,75
829,https://w3id.org/arco/ontology/natural-specimen-description/hasCement,74
830,https://w3id.org/arco/ontology/movable-property/hasCement,74
831,http://www.w3.org/2002/07/owl#unionOf,73
832,http://xmlns.com/foaf/0.1/mbox_sha1sum,71
833,http://www.w3.org/1999/02/22-rdf-syntax-ns#_1,66
834,https://w3id.org/arco/ontology/movable-property/hasMatrix,64
835,https://w3id.org/arco/ontology/natural-specimen-description/hasMatrix,64
836,http://www.w3.org/2002/07/owl#imports,59
837,https://w3id.org/arco/ontology/construction-description/hasFoundation,58
838,http://www.openlinksw.com/schemas/virtrdf#qmfIidOfShortTmpl,57
839,https://w3id.org/arco/ontology/context-description/hasSurveySoundEngineer,56
840,https://w3id.org/arco/ontology/movable-property/zoning,56
841,http://www.openlinksw.com/schemas/virtrdf#noInherit,56
842,https://w3id.org/arco/ontology/location/hasCulturalInstituteOrSiteDefinition,56
843,https://w3id.org/arco/ontology/natural-specimen-description/zoning,56
844,http://www.openlinksw.com/schemas/virtrdf#qmfSqlvalTmpl,53
845,http://www.openlinksw.com/schemas/virtrdf#qmfSqlvalOfShortTmpl,53
846,http://www.openlinksw.com/schemas/virtrdf#qmfStrsqlvalOfShortTmpl,53
847,http://www.w3.org/2002/07/owl#disjointWith,52
848,http://dati.beniculturali.it/iccd/fotografico/genealogia,51
849,http://www.w3.org/2008/05/skos#prefLabel,50
850,http://www.w3.org/2002/07/owl#members,49
851,https://w3id.org/arco/ontology/movable-property/hasMineralDepositType,49
852,https://w3id.org/arco/ontology/movable-property/hasStreak,48
853,https://w3id.org/arco/ontology/natural-specimen-description/hasStreak,48
854,http://www.openlinksw.com/schemas/virtrdf#qmfIsStable,47
855,http://www.openlinksw.com/schemas/virtrdf#qmfBoolOfShortTmpl,47
856,http://www.openlinksw.com/schemas/virtrdf#qmfIsBijection,47
857,http://www.w3.org/2004/02/skos/core#note,46
858,http://www.openlinksw.com/schemas/virtrdf#qmfLongOfShortTmpl,45
859,http://www.openlinksw.com/schemas/virtrdf#qmfLongTmpl,45
860,http://www.openlinksw.com/schemas/virtrdf#qmfUriOfShortTmpl,45
861,http://dati.beniculturali.it/iccd/fotografico/dataRipresa,44
862,http://www.openlinksw.com/schemas/virtrdf#qmfBoolTmpl,42
863,http://ontologydesignpatterns.org/opla/reusesPatternAsTemplate,41
864,https://w3id.org/arco/ontology/context-description/areaRoomSquare,41
865,https://w3id.org/arco/ontology/cultural-event/hasRecurrentTimePeriod,40
866,https://w3id.org/arco/ontology/cultural-event/isSituationMemberOf,40
867,http://www.openlinksw.com/schemas/virtrdf#qmfMapsOnlyNullToNull,40
868,https://w3id.org/arco/ontology/movable-property/hasOpticalPhenomena,39
869,https://w3id.org/arco/ontology/natural-specimen-description/hasOpticalPhenomena,39
870,http://www.openlinksw.com/schemas/virtrdf#qmfTypeminTmpl,39
871,http://www.openlinksw.com/schemas/virtrdf#qmfTypemaxTmpl,39
872,http://www.openlinksw.com/schemas/virtrdf#qmfUriIdOffset,39
873,http://ontologydesignpatterns.org/opla/isNativeTo,39
874,https://w3id.org/arco/ontology/context-description/hasVideoOperator,39
875,http://www.openlinksw.com/schemas/virtrdf#qmfCmpFuncName,39
876,http://dati.beniculturali.it/iccd/fotografico/codiceUnivocoBene,38
877,http://www.w3.org/2002/07/owl#propertyChainAxiom,38
878,https://w3id.org/arco/ontology/context-description/hasArchivalRecordSet,37
879,https://w3id.org/arco/ontology/context-description/isMemberOfArchivalRecordSet,37
880,http://www.openlinksw.com/schemas/virtrdf#qmfSparqlEbvOfShortTmpl,37
881,https://w3id.org/arco/ontology/context-description/isArchivalRecordSetIn,37
882,http://dati.beniculturali.it/iccd/fotografico/comune,35
883,http://dati.beniculturali.it/iccd/fotografico/regione,35
884,http://dati.beniculturali.it/iccd/fotografico/provincia,35
885,https://w3id.org/arco/ontology/location/hasCulturalInstituteOrSiteSpecification,35
886,https://w3id.org/arco/ontology/context-description/diagnosis,34
887,https://w3id.org/arco/ontology/movable-property/hasOutcrop,34
888,https://w3id.org/arco/ontology/movable-property/hasMineralDeposit,33
889,https://w3id.org/arco/ontology/musical-instrument/HSDefinition,31
890,http://www.openlinksw.com/schemas/virtrdf#qmfIsuriOfShortTmpl,31
891,http://www.openlinksw.com/schemas/virtrdf#qmfIsblankOfShortTmpl,31
892,http://www.openlinksw.com/schemas/virtrdf#qmfLanguageOfShortTmpl,31
893,http://www.openlinksw.com/schemas/virtrdf#qmfShortOfTypedsqlvalTmpl,31
894,http://www.openlinksw.com/schemas/virtrdf#qmfShortOfLongTmpl,31
895,http://www.openlinksw.com/schemas/virtrdf#qmfShortOfUriTmpl,31
896,http://www.openlinksw.com/schemas/virtrdf#qmfColumnCount,31
897,http://www.openlinksw.com/schemas/virtrdf#qmfOkForAnySqlvalue,31
898,http://www.openlinksw.com/schemas/virtrdf#qmfShortTmpl,31
899,http://www.openlinksw.com/schemas/virtrdf#qmfIsrefOfShortTmpl,31
900,https://w3id.org/arco/ontology/denotative-description/hasPosition,31
901,http://www.openlinksw.com/schemas/virtrdf#qmfIslitOfShortTmpl,31
902,http://www.openlinksw.com/schemas/virtrdf#qmfDatatypeOfShortTmpl,31
903,http://www.openlinksw.com/schemas/virtrdf#qmfShortOfSqlvalTmpl,31
904,https://w3id.org/arco/ontology/denotative-description/hasOrientation,29
905,http://www.openlinksw.com/schemas/virtrdf#qmfSparqlEbvTmpl,29
906,http://www.w3.org/ns/sparql-service-description#inputFormat,28
907,https://w3id.org/arco/ontology/context-description/hasDomicile,27
908,http://www.w3.org/ns/sparql-service-description#languageExtension,26
909,https://w3id.org/arco/ontology/context-description/hasAssociatedObject,26
910,https://w3id.org/arco/ontology/context-description/methodOfInterventionAndDigitization,25
911,https://w3id.org/arco/ontology/arco-lite/hasCulturalPropertySubject,25
912,http://purl.org/dc/terms/contributor,23
913,https://w3id.org/arco/ontology/core/isDescribedByClassificationSystem,23
914,https://w3id.org/arco/ontology/arco-lite/HSNumber,23
915,https://w3id.org/arco/ontology/location/siteIdentifier,23
916,https://w3id.org/arco/ontology/context-description/isMemberOfCollection,22
917,https://w3id.org/arco/ontology/denotative-description/geologicalDescription,22
918,https://w3id.org/arco/ontology/arco/previousIdentifier,22
919,http://www.openlinksw.com/schemas/virtrdf#qmfHasCheapSqlval,22
920,https://w3id.org/arco/ontology/denotative-description/hasBandage,22
921,http://dati.beniculturali.it/iccd/fotografico/iscrizioniTimbri,21
922,https://w3id.org/arco/ontology/natural-specimen-description/hasContactType,20
923,https://w3id.org/arco/ontology/movable-property/hasContactType,20
924,https://w3id.org/arco/ontology/movable-property/hasFracture,19
925,https://w3id.org/arco/ontology/natural-specimen-description/hasFracture,19
926,http://www.openlinksw.com/schemas/virtrdf#qmfIsnumericOfShortTmpl,19
927,http://rdfs.org/ns/void#vocabulary,19
928,https://w3id.org/arco/ontology/movable-property/hasTenacity,19
929,https://w3id.org/arco/ontology/natural-specimen-description/hasTenacity,19
930,https://w3id.org/arco/ontology/context-description/report,19
931,https://w3id.org/arco/ontology/movable-property/hasCleavage,18
932,https://w3id.org/arco/ontology/natural-specimen-description/hasChondrule,18
933,https://w3id.org/arco/ontology/movable-property/hasChondrule,18
934,https://w3id.org/arco/ontology/natural-specimen-description/hasCleavage,18
935,http://purl.org/goodrelations/v1#acceptedPaymentMethods,18
936,https://w3id.org/arco/ontology/movable-property/cleavageGrade,18
937,https://w3id.org/arco/ontology/movable-property/relativeAge,18
938,https://w3id.org/arco/ontology/natural-specimen-description/relativeAge,18
939,https://w3id.org/arco/ontology/natural-specimen-description/cleavageGrade,18
940,http://xmlns.com/foaf/0.1/name,16
941,https://w3id.org/arco/ontology/movable-property/hasFluorescence,16
942,https://w3id.org/arco/ontology/arco-lite/hasExstension,16
943,https://w3id.org/arco/ontology/natural-specimen-description/hasFluorescence,16
944,https://w3id.org/arco/ontology/natural-specimen-description/involvesChondrule,15
945,https://w3id.org/arco/ontology/movable-property/hasChondrulePresence,15
946,https://w3id.org/arco/ontology/natural-specimen-description/modalAnalysis,15
947,https://w3id.org/arco/ontology/movable-property/modalAnalysis,15
948,https://w3id.org/arco/ontology/natural-specimen-description/hasChondrulePresence,15
949,https://w3id.org/arco/ontology/movable-property/involvesChondrule,15
950,http://www.w3.org/2002/07/owl#complementOf,14
951,http://www.w3.org/ns/sparql-service-description#feature,14
952,http://purl.org/dc/elements/1.1/license,14
953,https://w3id.org/arco/ontology/location/seaOrOcean,14
954,http://www.w3.org/1999/02/22-rdf-syntax-ns#_2,13
955,http://www.w3.org/2002/07/owl#versionIRI,13
956,http://www.ontologydesignpatterns.org/opla/reusesPatternAsTemplate,12
957,https://w3id.org/arco/ontology/denotative-description/involvesSoloInstrument,12
958,http://www.openlinksw.com/schemas/virtrdf#qmfCustomString1,12
959,https://w3id.org/arco/ontology/movable-property/chondrule-matrixRatio,12
960,http://www.ica.org/standards/RiC/ontology#hasIdentifierType,12
961,https://w3id.org/arco/ontology/natural-specimen-description/chondrule-matrixRatio,12
962,https://w3id.org/arco/ontology/arco-lite/hasMusician,12
963,http://www.ica.org/standards/RiC/ontology#performedBy,11
964,http://www.w3.org/ns/sparql-service-description#supportedLanguage,11
965,https://w3id.org/arco/ontology/context-description/hasSurveyPhotographer,10
966,http://www.ica.org/standards/RiC/ontology#identifiedBy,10
967,http://www.w3.org/2002/07/owl#hasValue,10
968,http://xmlns.com/foaf/0.1/homepage,10
969,https://w3id.org/arco/ontology/movable-property/hasAlterationType,10
970,http://www.w3.org/1999/02/22-rdf-syntax-ns#_3,10
971,https://w3id.org/arco/ontology/natural-specimen-description/hasAlterationType,10
972,http://purl.org/goodrelations/v1#eligibleCustomerTypes,9
973,https://w3id.org/arco/ontology/movable-property/molePercent,9
974,https://w3id.org/arco/ontology/natural-specimen-description/molePercent,9
975,https://w3id.org/arco/ontology/context-description/archeologicalFieldSurveyICCDIdentifier,9
976,http://www.ica.org/standards/RiC/ontology#date,8
977,http://www.openlinksw.com/schemas/virtrdf#qmfIsSubformatOfLong,8
978,http://www.openlinksw.com/schemas/virtrdf#qmvATables,8
979,http://www.openlinksw.com/schemas/virtrdf#qmvFormat,8
980,http://www.openlinksw.com/schemas/virtrdf#qmvcColumnName,8
981,http://www.ica.org/standards/RiC/ontology#hasEventType,8
982,http://www.ica.org/standards/RiC/ontology#hasTitle,8
983,http://www.openlinksw.com/schemas/virtrdf#qmvTableName,8
984,http://www.openlinksw.com/schemas/virtrdf#qmvColumns,8
985,http://www.openlinksw.com/schemas/virtrdf#qmvColumnsFormKey,8
986,http://www.openlinksw.com/schemas/virtrdf#qmvcAlias,8
987,https://w3id.org/arco/ontology/denotative-description/hasAccessory,7
988,http://www.openlinksw.com/schemas/virtrdf#loadAs,7
989,https://w3id.org/arco/ontology/denotative-description/involvesAccompanyingInstrument,7
990,https://w3id.org/arco/ontology/arco-lite/iccdNormTag,7
991,http://www.openlinksw.com/schemas/virtrdf#qmfValRange-rvrDatatype,7
992,http://www.w3.org/ns/sparql-service-description#endpoint,7
993,http://www.w3.org/2004/02/skos/core#exactMatch,6
994,http://www.w3.org/2006/vcard/ns#fn,6
995,http://www.ica.org/standards/RiC/ontology#hasLanguage,6
996,http://www.openlinksw.com/schemas/virtrdf#qmfDtpOfNiceSqlval,6
997,http://www.w3.org/2006/vcard/ns#hasEmail,6
998,http://www.openlinksw.com/schemas/virtrdf#qmfShortOfNiceSqlvalTmpl,6
999,http://purl.org/goodrelations/v1#hasBusinessFunction,6
1000,http://www.w3.org/2006/vcard/ns#value,5
1001,https://w3id.org/arco/ontology/context-description/hasCulturalContext,5
1002,http://www.w3.org/2006/vcard/ns#hasTelephone,5
1003,https://w3id.org/arco/ontology/musical-instrument/HSEdition,5
1004,http://www.w3.org/2006/vcard/ns#hasURL,5
1005,http://www.ica.org/standards/RiC/ontology#isAssociatedWithEvent,5
1006,http://www.openlinksw.com/schemas/virtrdf#isSpecialPredicate,5
1007,http://www.w3.org/2002/07/owl#maxQualifiedCardinality,4
1008,https://w3id.org/arco/ontology/catalogue/internationalIdentifier,4
1009,http://www.ica.org/standards/RiC/ontology#dateRangeBegins,4
1010,http://www.ica.org/standards/RiC/ontology#recordResourceIsAssociatedWithRecordResource,4
1011,https://w3id.org/arco/ontology/arco-lite/hasLength,4
1012,http://www.openlinksw.com/schemas/virtrdf#qmfLanguageTmpl,4
1013,http://www.w3.org/1999/02/22-rdf-syntax-ns#value,4
1014,http://www.ontologydesignpatterns.org/opla/specializationOfPattern,4
1015,https://w3id.org/arco/ontology/arco/archaeologicalSiteIdentifier,4
1016,http://www.openlinksw.com/schemas/virtrdf#graph-crud-endpoint,4
1017,http://www.ica.org/standards/RiC/ontology#hasAppellationType,4
1018,http://www.ica.org/standards/RiC/ontology#isAssociatedWithDate,4
1019,https://w3id.org/arco/ontology/musical-instrument/hasString,4
1020,http://www.openlinksw.com/schemas/virtrdf#qmfIsSubformatOfLongWhenRef,4
1021,http://www.openlinksw.com/schemas/virtrdf#qmvftColumnName,4
1022,http://www.w3.org/2002/07/owl#maxCardinality,4
1023,http://www.ica.org/standards/RiC/ontology#dateRangeEnds,4
1024,http://www.ica.org/standards/RiC/ontology#note,4
1025,https://w3id.org/arco/ontology/context-description/hasSex,4
1026,https://w3id.org/arco/ontology/arco/hasCulturalPropertyInventoryCategory,3
1027,http://www.ica.org/standards/RiC/ontology#hasPlaceType,3
1028,http://www.w3.org/2004/02/skos/core#hiddenLabel,3
1029,http://www.w3.org/1999/02/22-rdf-syntax-ns#_5,3
1030,http://www.w3.org/2002/07/owl#intersectionOf,3
1031,http://purl.org/goodrelations/v1#offers,3
1032,http://purl.org/goodrelations/v1#amountOfThisGood,3
1033,http://purl.org/goodrelations/v1#includesObject,3
1034,http://purl.org/goodrelations/v1#validFrom,3
1035,http://purl.org/goodrelations/v1#availableAtOrFrom,3
1036,http://purl.org/goodrelations/v1#typeOfGood,3
1037,http://purl.org/goodrelations/v1#availableDeliveryMethods,3
1038,https://w3id.org/arco/ontology/context-description/claySpecifications,3
1039,https://w3id.org/arco/ontology/context-description/stripRunAndFrameNumber,3
1040,https://w3id.org/italia/onto/ADMS/hasTask,3
1041,https://w3id.org/italia/onto/ADMS/semanticAssetInUse,3
1042,http://www.w3.org/2002/07/owl#onClass,3
1043,http://www.ica.org/standards/RiC/ontology#recordResourceState,3
1044,http://www.ica.org/standards/RiC/ontology#source,3
1045,http://www.ica.org/standards/RiC/ontology#isOriginationOf,3
1046,http://www.openlinksw.com/schemas/virtrdf#dialect,3
1047,http://www.openlinksw.com/schemas/virtrdf#qmvftXmlIndex,3
1048,https://w3id.org/italia/onto/ADMS/hasSemanticAssetDistribution,3
1049,https://w3id.org/arco/ontology/movable-property/hasPhosphorescence,3
1050,http://www.ica.org/standards/RiC/ontology#hasAgentName,3
1051,http://www.ica.org/standards/RiC/ontology#hasLocation,3
1052,http://www.ica.org/standards/RiC/ontology#conditionsOfAccess,3
1053,http://www.ica.org/standards/RiC/ontology#hasRecordSetType,3
1054,https://w3id.org/arco/ontology/movable-property/hasHostIndividual,3
1055,https://w3id.org/arco/ontology/natural-specimen-description/hasPhosphorescence,3
1056,https://w3id.org/arco/ontology/natural-specimen-description/hasHostIndividual,3
1057,http://www.w3.org/1999/02/22-rdf-syntax-ns#_4,3
1058,http://www.openlinksw.com/schemas/virtrdf#qsUserMaps,3
1059,http://purl.org/goodrelations/v1#hasUnitOfMeasurement,3
1060,http://purl.org/goodrelations/v1#validThrough,3
1061,https://w3id.org/arco/ontology/denotative-description/numberOfChildParticipants,3
1062,http://www.w3.org/2000/01/rdf-schema#isDescribedUsing,2
1063,http://www.w3.org/ns/sparql-service-description#extensionAggregate,2
1064,http://www.w3.org/ns/sparql-service-description#extensionFunction,2
1065,http://www.w3.org/ns/sparql-service-description#propertyFeature,2
1066,http://www.ica.org/standards/RiC/ontology#describes,2
1067,http://www.ica.org/standards/RiC/ontology#contentExtent,2
1068,http://www.ica.org/standards/RiC/ontology#createdBy,2
1069,http://www.ica.org/standards/RiC/ontology#heldBy,2
1070,http://www.ica.org/standards/RiC/ontology#hasIdentifier,2
1071,http://www.ica.org/standards/RiC/ontology#hasOrigination,2
1072,http://www.w3.org/2002/07/owl#propertyDisjointWith,2
1073,https://w3id.org/arco/ontology/movable-property/hasSubstrateType,2
1074,http://www.openlinksw.com/schemas/virtrdf#version,2
1075,http://www.openlinksw.com/schemas/virtrdf#qmfExistingShortOfLongTmpl,2
1076,http://www.openlinksw.com/schemas/virtrdf#qmGraphMap,2
1077,http://www.openlinksw.com/schemas/virtrdf#qmSubjectMap,2
1078,http://www.openlinksw.com/schemas/virtrdf#qmPredicateMap,2
1079,http://www.openlinksw.com/schemas/virtrdf#qmvaAlias,2
1080,http://www.w3.org/ns/sparql-service-description#url,2
1081,http://www.w3.org/ns/sparql-service-description#defaultDataset,2
1082,http://www.w3.org/2001/vcard-rdf/3.0#ADR,2
1083,http://www.w3.org/2001/vcard-rdf/3.0#Pcode,2
1084,http://www.w3.org/2001/vcard-rdf/3.0#City,2
1085,http://purl.org/goodrelations/v1#includes,2
1086,http://www.w3.org/2000/01/rdf-schema#type,2
1087,http://www.openlinksw.com/schemas/VSPX#type,2
1088,https://w3id.org/italia/onto/ADMS/target,2
1089,http://www.ica.org/standards/RiC/ontology#hasGroupType,2
1090,http://www.ica.org/standards/RiC/ontology#description,2
1091,http://www.ica.org/standards/RiC/ontology#hasPlaceName,2
1092,http://www.ica.org/standards/RiC/ontology#conditionsOfUse,2
1093,http://www.ica.org/standards/RiC/ontology#noteOnAcquisition,2
1094,http://www.ica.org/standards/RiC/ontology#scopeAndContent,2
1095,http://www.ica.org/standards/RiC/ontology#agentHierarchicalRelationHasTarget,2
1096,http://www.ica.org/standards/RiC/ontology#agentIsTargetOfAgentHierarchicalRelation,2
1097,http://www.ica.org/standards/RiC/ontology#belongsToCategory,2
1098,http://www.ica.org/standards/RiC/ontology#authoredBy,2
1099,http://www.openlinksw.com/schemas/virtrdf#qmf01uriOfShortTmpl,2
1100,http://www.openlinksw.com/schemas/virtrdf#qmf01blankOfShortTmpl,2
1101,http://www.openlinksw.com/schemas/virtrdf#qmfExistingShortOfTypedsqlvalTmpl,2
1102,http://www.openlinksw.com/schemas/virtrdf#qmfExistingShortOfUriTmpl,2
1103,http://www.openlinksw.com/schemas/virtrdf#qmfIsSubformatOfLongWhenEqToSql,2
1104,http://www.openlinksw.com/schemas/virtrdf#qmfSubFormatForRefs,2
1105,http://www.openlinksw.com/schemas/virtrdf#qmfDatatypeTmpl,2
1106,http://www.openlinksw.com/schemas/virtrdf#qmObjectMap,2
1107,http://www.openlinksw.com/schemas/virtrdf#qmMatchingFlags,2
1108,http://www.openlinksw.com/schemas/virtrdf#qmvaTableName,2
1109,http://www.openlinksw.com/schemas/virtrdf#qmvftAlias,2
1110,http://www.openlinksw.com/schemas/virtrdf#qmvftConds,2
1111,http://www.openlinksw.com/schemas/virtrdf#qmvftTableName,2
1112,http://www.openlinksw.com/schemas/virtrdf#qsMatchingFlags,2
1113,http://www.w3.org/2002/07/owl#oneOf,2
1114,http://dati.beniculturali.it/iccd/fotografico/partizioneFondo,2
1115,https://w3id.org/italia/onto/ADMS/hasKeyClass,2
1116,https://w3id.org/italia/onto/l0/controlledVocabulary,2
1117,http://www.ica.org/standards/RiC/ontology#isMemberOf,2
1118,http://www.ica.org/standards/RiC/ontology#agentHierarchicalRelationHasSource,2
1119,http://www.openlinksw.com/schemas/virtrdf#isGcResistantType,2
1120,http://www.openlinksw.com/schemas/virtrdf#qmfExistingShortOfSqlvalTmpl,2
1121,http://www.openlinksw.com/schemas/virtrdf#qmfWrapDistinct,2
1122,http://www.openlinksw.com/schemas/virtrdf#qmTableName,2
1123,http://www.openlinksw.com/schemas/virtrdf#qmvFText,2
1124,http://www.openlinksw.com/schemas/virtrdf#qmvGeo,2
1125,http://www.openlinksw.com/schemas/virtrdf#qsDefaultMap,2
1126,http://www.w3.org/ns/sparql-service-description#defaultGraph,2
1127,http://www.w3.org/2001/vcard-rdf/3.0#Street,2
1128,http://www.w3.org/2001/vcard-rdf/3.0#Country,2
1129,http://www.w3.org/2001/vcard-rdf/3.0#TEL,2
1130,http://www.w3.org/2001/vcard-rdf/3.0#EMAIL,2
1131,http://www.openlinksw.com/schemas/VSPX#title,2
1132,https://w3id.org/arco/ontology/context-description/inventoryLocation,1
1133,http://dati.beniculturali.it/iccd/fotografico/bibliografia,1
1134,http://dati.beniculturali.it/iccd/fotografico/mostre,1
1135,http://dati.beniculturali.it/iccd/fotografico/notizieStoricoCritiche,1
1136,https://w3id.org/italia/onto/ADMS/acronym,1
1137,https://w3id.org/italia/onto/ADMS/hasContributor,1
1138,https://w3id.org/italia/onto/ADMS/hasOntologyLanguage,1
1139,https://w3id.org/italia/onto/ADMS/status,1
1140,http://www.w3.org/ns/dcat#themeTaxonomy,1
1141,http://www.ica.org/standards/RiC/ontology#hasBeginningDate,1
1142,http://www.ica.org/standards/RiC/ontology#agentOriginationRelationHasSource,1
1143,http://www.ica.org/standards/RiC/ontology#agentOriginationRelationHasTarget,1
1144,http://www.ica.org/standards/RiC/ontology#hasLegalStatus,1
1145,http://www.ica.org/standards/RiC/ontology#hasdentifierType,1
1146,http://www.ica.org/standards/RiC/ontology#history,1
1147,http://www.ica.org/standards/RiC/ontology#regulates,1
1148,http://www.ica.org/standards/RiC/ontology#type,1
1149,https://w3id.org/arco/ontology/arco-lite/hasTuning,1
1150,http://www.w3.org/2002/07/owl#backwardCompatibleWith,1
1151,http://rdfs.org/ns/void#classes,1
1152,http://rdfs.org/ns/void#properties,1
1153,http://rdfs.org/ns/void#sparqlEndpoint,1
1154,http://purl.org/goodrelations/v1#legalName,1
1155,http://purl.org/goodrelations/v1#hasPriceSpecification,1
1156,http://www.w3.org/ns/prov#wasDerivedFrom,1
1157,http://dati.beniculturali.it/iccd/fotografico/relazioni,1
1158,https://w3id.org/italia/onto/ADMS/prefix,1
1159,http://www.ica.org/standards/RiC/ontology#arrangement,1
1160,http://www.ica.org/standards/RiC/ontology#hasEndDate,1
1161,http://www.ica.org/standards/RiC/ontology#agentIsTargetOfAgentOriginationRelation,1
1162,http://www.ica.org/standards/RiC/ontology#isRegulatedBy,1
1163,http://www.openlinksw.com/schemas/virtrdf#qmfValRange-rvrLanguage,1
1164,http://dati.beniculturali.it/iccd/fotografico/nrFotoOriginale,1
1165,https://w3id.org/italia/onto/ADMS/hasFormalityLevel,1
1166,https://w3id.org/italia/onto/ADMS/officialURI,1
1167,https://w3id.org/italia/onto/ADMS/type,1
1168,http://www.ica.org/standards/RiC/ontology#hasPrevious,1
1169,http://www.ica.org/standards/RiC/ontology#creationDate,1
1170,http://www.ica.org/standards/RiC/ontology#describedBy,1
1171,http://www.ica.org/standards/RiC/ontology#hasJurisdiction,1
1172,http://www.ica.org/standards/RiC/ontology#lastUpdateDate,1
1173,http://www.ica.org/standards/RiC/ontology#hasCarrierType,1
1174,http://www.ica.org/standards/RiC/ontology#hasRepresentationType,1
1175,http://www.ica.org/standards/RiC/ontology#publicationDate,1
1176,https://w3id.org/italia/onto/CLV/hasRankOrder,1
1177,http://www.w3.org/2002/07/owl#priorVersion,1
1178,http://www.w3.org/2002/07/owl#cardinality,1
1179,http://www.bigdata.com/rdf#/features/KB/Namespace,1
1180,http://rdfs.org/ns/void#entities,1
1181,http://rdfs.org/ns/void#uriRegexPattern,1
1182,http://www.openlinksw.com/schemas/virtrdf#catName,1
1183,http://purl.org/goodrelations/v1#BusinessEntity,1
1184,http://xmlns.com/foaf/0.1/logo,1
