,count,site
0,6,Sede di Teatro Romano di Trieste
1,7,"Sede di Museo archeologico nazionale  di Volcei ""Marcello Gigante"" di Buccino"
2,10,Sede di Direzione Regionale Musei Basilicata
3,4,Sede di Istituto Centrale per l'Archeologia
4,2,"Sede di Museo civico pinacoteca ""Palazzo Lazzarini"""
5,9,Sede di Archivio di Stato di Latina
6,9,Sede di Archivio di Stato di Teramo
7,2,Sede di Museo Nori de' Nobili
8,2,Sede di Biblioteca Antonelliana
9,2,"Sede di Museo di storia della mezzadria ""Sergio Anselmi"""
10,1,"Sede di Fondazione Arca, Biblioteca"
11,6,Sede di Parco archeologico di Grumentum
12,1,Sede di Biblioteca La Fornace
13,8,Sede di Palazzo Arese-Litta
14,11,Sede di Archivio di Stato di Potenza
15,14,Sede di Istituto Centrale per il patrimonio immateriale
16,3,Sede di Palazzo Neroni
17,4,Sede di Parco archeologico di Pompei - Scavi di Oplontis
18,1,Sede di Parco archeologico di Pompei - Scavi archeologici di Stabiae (Villa San Marco)
19,1,Sede di Chiesa Monumentale S. Agostino
20,7,Sede di Museo Utensilia
21,2,"Sede di Pinacoteca civica ""Vittore Crivelli"""
22,2,Sede di Pinacoteca civica di Ascoli Piceno
23,1,Sede di Museo diocesano di Jesi
24,1,"Sede di Museo dei ""Bronzi dorati e della Città di Pergola"""
25,1,"Sede di Museo archeologico ""G. Moretti"""
26,1,Sede di Museo civico archeologico di Treia
27,1,Sede di Museo diocesano Albani
28,1,Sede di Pinacoteca comunale di Corridonia
29,1,Sede di Museo archeologico e Pinacoteca del Palazzo Malatestiano
30,27,Sede di Palazzo del Senato
31,15,Sede di MUSA - Museo del sale
32,15,Sede di Palazzo Pepoli
33,54,Sede di Archivio di Stato di Asti
34,2,Sede di Antiquarium comunale di Otricoli
35,4,Sede di Reggia di Venaria
36,3,Sede di Museo di Palazzo Te
37,2,Sede di Fondazione Museo Agusta
38,4,Sede di Museo A come Ambiente
39,1,Sede di Palazzo Penotti Ubertini
40,1,Sede di Casa Museo di Silvio Pellico
41,2,Sede di Antiquarium comunale di Irgoli
42,1,Sede di Castello Monforte
43,2,Sede di Castello Sarriod de la Tour
44,3,Sede di Museo delle mura di Roma
45,4,Sede di Lanterna
46,1,Sede di Palazzo dell'accademia linguistica
47,1,Sede di Fondazione Sandretto Re Rebaudengo
48,4,Sede di Istituto centrale per la grafica - Palazzo Poli
49,5,Sede di Palazzo Madama - Museo civico d'arte antica
50,3,Sede di Museo civico Goffredo Bellini
51,1,Sede di Area archeologica Villa romana di Torre
52,1,Sede di Castel dell'Ovo
53,2,Sede di Palazzo ducale di Venezia
54,1,Sede di Complesso molitorio sec. XVII
55,1,Sede di Museo per l'arte del rame e del tessuto
56,1,Sede di Miniera di Salgemma di Lungro
57,2,Sede di Casa museo Boschi Di Stefano
58,1,Sede di Area archeologica di Costa Balenae
59,1,Sede di Villa Groppallo
60,4,Sede di Area archeologica della città romana di Industria
61,1,Sede di Raccolta d’arte sacra della Collegiata di Santa Maria Assunta
62,1,Sede di Villa Vicentini Miniussi
63,4,Sede di Biblioteca nazionale universitaria di Torino
64,7,Sede di Museo Mario Praz
65,3,Sede di Abbazia di San Salvatore a Soffena
66,2,Sede di Castello di Lagopesole
67,1,Sede di Museo del fiore
68,1,"Sede di Pinacoteca ""Camillo D'Errico"""
69,5,Sede di Gallerie degli Uffizi - Galleria Palatina e Appartamenti Reali e Imperiali (Palazzo Pitti)
70,4,Sede di Museo civico di Crema e del Cremasco
71,2,Sede di Museo civico di Cuneo
72,2,Sede di Chiesa di San Michele Arcangelo
73,1,Sede di Fornaci romane di Lonato
74,1,Sede di Museo del Santuario di Belmonte
75,2,Sede di Sacro Monte di Crea
76,1,Sede di Teatro regio
77,4,Sede di Sacro Monte di Varallo
78,4,Sede di Museo Martini di storia dell'enologia
79,1,Sede di La maison des anciens remèdes - Centro sull'uso delle piante officinali
80,4,Sede di Castello di Issogne
81,1,"Sede di Museo Jean-Baptiste Cerlogne c/o Centre d'éetudes franco provençale ""René Willien"""
82,4,Sede di Chiostro del Bramante
83,2,Sede di Direzione Generale Creatività Contemporanea
84,13,Sede di Istituto autonomo Vittoriano e Palazzo Venezia - Vittoriano
85,2,Sede di Drugstore Museum e Circuito Necropoli Portuense
86,1,Sede di Parco archeologico di Ercolano - Teatro romano
87,1,"Sede di Soprintendenza Archeologia, Belle Arti e Paesaggio per le province di Barletta, Andria, Trani e Foggia"
88,1,Sede di Museo Casa natale Giacomo Puccini
89,2,Sede di Villa Adriana e Villa d'Este - Mensa ponderaria e Augusteum
90,6,Sede di Galleria d'arte moderna e contemporanea di Bergamo - GAMeC
91,2,Sede di Museo civico di Diano Marina
92,1,Sede di Area archeologica di Libarna
93,1,Sede di Area archeologica del Tempio Italico di Casalbore
94,1,"Sede di Montegrotto Terme, area archeologica di viale Stazione / via degli Scavi"
95,1,Sede di Archivio di Stato di Pesaro-Urbino. Sezione di Fano
96,3,Sede di Archivio di Stato di Parma
97,1,Sede di Museo del falegname Tino Sana
98,3,Sede di Cenacolo di Ognissanti
99,1,"Sede di Parco archeologico dei Campi Flegrei - Necropoli di Via Celle, settore della necropoli di Puteoli"
100,1,"Sede di Museo civico archeologico ""Girolamo Rossi"""
101,1,Sede di Area archeologica di Carminiello ai Mannesi
102,2,"Sede di Soprintendenza Archeologia, Belle Arti e Paesaggio per le province di Chieti e Pescara"
103,1,Sede di Cenacolo del Fuligno
104,5,Sede di Archivio di Stato di Reggio Calabria. Sezione di Locri
105,1,Sede di Galleria civica d’arte moderna - Palazzo Lomellini
106,2,Sede di Museo civico Antonio Cordici
107,1,Sede di Monumenti funerari della via Iulia Augusta
108,4,Sede di Biblioteca Statale del Monumento nazionale di Montevergine
109,1,Sede di Villa Ormond
110,2,Sede di Museo del Paesaggio
111,6,Sede di Tempio delle Tavole Palatine
112,5,Sede di Parco archeologico di Herakleia
113,1,Sede di Museo civico San Domenico
114,1,Sede di Fondazione Galleria Rizzi
115,1,"Sede di Area archeologica ""Su Nuraxi"""
116,2,Sede di Civico museo archeologico di Ozieri
117,1,Sede di Castello reale di Sarre
118,2,Sede di Sito archeologico Nuraghe Nolza
119,1,Sede di Fondazione Museo del tesoro del duomo e Archivio capitolare
120,3,Sede di Pinacoteca Carlo Levi
121,3,Sede di Richard West memorial gallery
122,2,Sede di GIARDINI BOTANICI HANBURY - Centro di Servizi per il Ponente Ligure
123,3,"Sede di Concordia Sagittaria, area archeologica sotto la Cattedrale"
124,2,Sede di Museo archeologico nazionale di Fratta Polesine (barchessa di Villa Badoer)
125,1,Sede di Museo storico archeologico e Area archeologica di San Paolo Belsito
126,5,Sede di Archivio di Stato di Treviso
127,1,Sede di Musei civici d'arte antica -  Museo civico medievale di Bologna
128,5,Sede di Pinacoteca nazionale di Cagliari
129,2,Sede di Area di Sa Carcaredda
130,1,Sede di Museo civico Amedeo Lia
131,1,Sede di Museo ornitologico della Sardegna
132,1,Sede di Museo Poldi Pezzoli
133,1,Sede di Museo archeologico Lavinium
134,2,"Sede di Fondazione Andre' Heller - Giardino botanico ""A. Hruska"""
135,1,Sede di Chiesa di Santa Maria Maggiore di Venezia
136,1,Sede di Antiquarium di Corciano
137,4,Sede di Musei del Bargello
138,1,Sede di Villa Farnesina
139,1,"Sede di Museo Casa natale ""Filippo Corridoni"""
140,1,Sede di Orto botanico lucchese e Museo botanico Cesare Bicchi
141,1,Sede di Basilica Cattedrale di Teramo
142,1,Sede di Museo del paesaggio sonoro
143,1,Sede di Duomo di Santa Maria Maggiore - Sala Polifunzionale
144,1,Sede di Museo Galileo. Istituto e museo di storia della scienza
145,1,Sede di Museo civico del Palazzo pretorio dI Certaldo
146,1,Sede di Civico museo archeologico di Casteggio e dell'Oltrepò pavese
147,9,Sede di Istituto autonomo Vittoriano e Palazzo Venezia - Museo nazionale del Palazzo di Venezia
148,3,Sede di Teatro e Anfiteatro romano
149,7,Sede di Fortezza di  Castruccio Castracani - Castello di Sarzanello
150,2,Sede di Galleria d'arte moderna di Milano
151,3,Sede di Villa Carducci - Pandolfini a Legnaia
152,3,Sede di Gallerie degli Uffizi – Galleria d’Arte Moderna (Palazzo Pitti)
153,1,Sede di Museo archeologico e aree archeologiche di Montelupo Fiorentino
154,3,Sede di Villa del Boccaglione
155,3,Sede di I percorsi del museo civico a Palazzo Cuttica
156,2,"Sede di Galleria d’Arte Moderna - Ex Convento di Santa Chiara, Catania"
157,4,Sede di Museo Civico Palazzo dei Consoli
158,4,Sede di Area archeologica dell'antica Abellinum
159,2,Sede di Museo di Palazzo Doria Pamphilj
160,1,Sede di Abbazia di Fossanova
161,4,Sede di Palazzo Patrizi Clementi
162,4,Sede di Complesso architettonico Galata Museo del mare
163,2,Sede di Parco archeologico di Ostia antica - Complesso della Basilica di S. Ippolito
164,1,Sede di Procuratie nuove - ex Palazzo reale
165,1,"Sede di Fondazione Michetti ""Mu.Mi."""
166,2,Sede di Museo della civiltà contadina in Val Vibrata
167,1,Sede di Museo Castello di Duino
168,3,Sede di Centrale Montemartini
169,2,Sede di Chiesa del Santuccio
170,1,Sede di Castello Aragonese di Otranto
171,2,Sede di BoCs Museum - Complesso monumentale di San Domenico
172,1,Sede di Museo Carlo Bilotti
173,2,Sede di Abbazia di San Giuliano
174,3,Sede di Pinacoteca Nazionale di Siena
175,1,Sede di Casa di Carlo Goldoni e Biblioteca di studi teatrali
176,1,Sede di Museo di storia naturale dell'alpago
177,1,Sede di Villa Croce
178,3,Sede di Area archeologica di Gabii
179,2,Sede di Parco archeologico di Pompei - Villa Regina
180,1,Sede di Villa Borghese
181,1,Sede di Civico museo archeologico di Bergamo
182,1,Sede di Casa Zegna
183,4,Sede di Segretariato Regionale del Ministero della cultura per il Lazio
184,1,Sede di Archivio di Stato di Cuneo
185,1,Sede di Fondazione teatro regio - Itinerario storico
186,1,Sede di Maison de Mosse
187,1,Sede di Cappella degli Scrovegni
188,2,Sede di Fondazione Querini Stampalia onlus
189,1,Sede di Musei Civici - Palazzo dei Musei
190,1,Sede di Museo di scultura antica Giovanni Barracco
191,1,Sede di Museo - Antico tesoro della Santa casa di Loreto
192,1,Sede di Museo della tarsia
193,1,"Sede di Raccolta d’arte moderna ""Raccolta Lercaro"""
194,3,Sede di Comune di Sciacca
195,2,Sede di Castello Visconti di San Vito
196,2,Sede di Museo civico Pietro Micca e dell'assedio di Torino del 1706
197,2,Sede di Archivio di stato di Oristano
198,1,Sede di Antiquarium e Acquedotto romano di Trieste
199,1,Sede di Castello di Colloredo di Monte Albano
200,3,Sede di Museo della città di Ancona
201,1,Sede di Gallerie degli Uffizi - Museo delle carrozze (Palazzo Pitti)
202,1,"Sede di Museo civico preistorico ""Pietro Fedele"""
203,1,"Sede di Fondazione scienza e tecnica di Firenze - Museo, gabinetto e planetario"
204,1,Sede di Museo Pisani Dossi
205,1,"Sede di Museo demoantropologico ""I Vecchi Mestieri"""
206,1,Sede di Palazzo Chigi
207,2,Sede di Museo della città di Aquino
208,3,Sede di Castello D'Albertis
209,1,"Sede di Civico Museo Archeologico ""Villa Abbas"""
210,1,Sede di Musei civici di arte antica - Palazzo Schifanoia
211,1,Sede di Museo e pinacoteca diocesani
212,1,Sede di Mostra permanente Pompeo Mariani
213,1,Sede di Santa Giulia - Museo della città
214,1,Sede di Chiesa SS. Annunziata di Portoria o S. Caterina da Genova
215,1,Sede di Museo nazionale della montagna Duca degli Abruzzi
216,2,Sede di Museo multimediale del canto a tenore
217,1,Sede di Museo S'omo 'e sa majarza
218,1,"Sede di Museo di anatomia umana ""Luigi Rolando"""
219,1,Sede di Museo civico archeologico di Gravina in Puglia
220,1,"Sede di Civico museo marinaro ""Gio Bono Ferrari"""
221,1,Sede di Museo Masaccio d'arte sacra
222,1,Sede di Area archeologica di Feltre
223,1,Sede di Museo dei Castelli
224,1,Sede di Soprintendenza Archivistica del Friuli-Venezia Giulia
225,1,Sede di Reggia di Caserta - Acquedotto Carolino
226,1,"Sede di Azienda speciale ""Villa Manin"""
227,1,Sede di Galleria comunale d'arte di Cagliari / CARTEC - Cava Arte Contemporanea
228,1,Sede di Monastero di Santa Scolastica
229,1,Sede di Antiquarium ostiense
230,5,Sede di Museo dell'opera del Duomo (MODO)
231,1,Sede di Pinacoteca Giovanni e Marella Agnelli
232,2,Sede di Castello dei Conti Frola
233,1,Sede di Arsenale di Venezia
234,1,Sede di Museo della città di Bettona
235,1,Sede di Museo Leone
236,1,Sede di Museo civico archeologico di Cirò Marina
237,2,Sede di Archivio di Stato di Siracusa. Sezione di Noto
238,1,Sede di Casa Buonarroti
239,1,Sede di Monastero di Santa Maria in valle con annesso Tempietto Longobardo
240,2,Sede di Museo Tattile statale Omero
241,1,Sede di Palazzo di Tiberio e Villa Jovis
242,1,Sede di Museo archeologico provinciale Francesco Ribezzo di Brindisi
243,1,Sede di Museo della marineria toscana
244,1,Sede di Musei del Bargello - Chiesa e Museo di Orsanmichele
245,2,"Sede di Museo civico ""Pier Alessandro Garda"""
246,1,Sede di Il filatoio
247,2,Sede di Musei civici di Novara - Direzione e raccolte in palazzo Faraggiana
248,1,Sede di Museo Richard-Ginori
249,2,Sede di Castello Piccolomini - Collezione Torlonia
250,7,Sede di Museo d'Arte Orientale Venezia
251,2,Sede di Museo Archeologico Nazionale di Cosa
252,65,Sede di Museo tattile statale Omero
253,53,Sede di Museo archeologico nazionale di Napoli
254,18,Sede di Archivio di Stato di Savona
255,42,Sede di Basilica di San Saturnino
256,2,Sede di Museo archeologico statale di Cingoli Moscosi
257,34,Sede di Museo nazionale Collezione Salce sede di San Gaetano
258,46,"Sede di Soprintendenza Archeologia, Belle Arti e Paesaggio per l'area Metropolitana di Roma e per la Provincia di Rieti"
259,97,Sede di Museo di Palazzo Grimani
260,51,Sede di Galleria dell'Accademia di Firenze
261,28,"Sede di Soprintendenza Archeologia, Belle Arti e Paesaggio per le Province di Biella, Novara, Verbano-Cusio-Ossola e Vercelli"
262,2,"Sede di Musei del Bargello - Museo della Casa Fiorentina Antica, Palazzo Davanzati"
263,13,Sede di Museo di Palazzo Nieddu del Rio
264,27,Sede di Reggia di Caserta - Palazzo Reale
265,75,Sede di Museo nazionale romano - Terme di Diocleziano
266,3,Sede di Compendio Garibaldino di Caprera
267,2,"Sede di Museo nazionale ""Memoriale Giuseppe Garibaldi"""
268,36,Sede di Museo archeologico lametino
269,214,Sede di Certosa e Museo di San Martino
270,69,Sede di Museo archeologico nazionale della Valle del Sarno
271,26,Sede di Museo dell'Opificio delle Pietre Dure
272,13,Sede di Archivio di Stato di Rieti
273,67,Sede di Direzione Regionale Musei Toscana
274,39,Sede di Museo nazionale di San Matteo
275,1,Sede di Museo civico A. Olmo e gipsoteca D.Calandra
276,5,Sede di Archivio di Stato di Reggio Emilia
277,1,Sede di Museo del lavoro e delle tradizioni popolari della Versilia storica
278,114,Sede di Direzione Regionale Musei Liguria
279,2,Sede di Museo di archeologia ligure
280,30,Sede di Museo archeologico nazionale “Giuseppe Andreassi” e Parco archeologico di Egnazia
281,13,Sede di Istituto Centrale per i Beni Sonori ed Audiovisivi
282,21,Sede di Parco archeologico di Siponto
283,85,Sede di Direzione Regionale Musei Sardegna
284,6,Sede di Antiquarium e Parco archeologico di Castelseprio
285,25,"Sede di Soprintendenza Archeologia, Belle Arti e Paesaggio per le province di Sassari e Nuoro"
286,9,Sede di Museo archeologico Santa Maria delle Monache
287,162,Sede di Direzione Regionale Musei Veneto
288,42,Sede di Villa Adriana e Villa d'Este - Area archeologica di Villa Adriana
289,46,Sede di Certosa di San Giacomo
290,33,Sede di Parco archeologico di Paestum e Velia - Area archeologica di Paestum
291,63,Sede di Museo e Real Bosco di Capodimonte
292,27,Sede di Gallerie dell’Accademia di Venezia
293,11,"Sede di Direzione Generale  Educazione, Ricerca e Istituti Culturali"
294,1,Sede di Castel Beseno
295,114,Sede di Museo nazionale di Villa Pisani
296,15,Sede di Archivio di Stato di Bergamo
297,295,Sede di Biblioteca Universitaria di Pavia
298,55,Sede di Galleria nazionale dell'Umbria
299,18,Sede di Archivio di Stato di Alessandria
300,63,Sede di Gallerie degli Uffizi – Gli Uffizi
301,28,Sede di Biblioteca nazionale Marciana
302,8,Sede di Archivio di Stato di Bari. Sezione di Barletta
303,45,Sede di Istituto autonomo Vittoriano e Palazzo Venezia - Palazzo Venezia
304,26,Sede di Gallerie Estensi - Pinacoteca nazionale di Ferrara
305,21,Sede di Archivio di Stato di Rovigo
306,10,Sede di Archivio di Stato di Reggio Calabria. Sezione di Palmi
307,56,Sede di Museo Hendrik Christian Andersen
308,6,"Sede di Soprintendenza Archeologia, Belle Arti e Paesaggio per la città metropolitana di Milano"
309,14,Sede di Museo del Palazzo della Dogana dei Grani e Area archeologica dell'Antica Abellinum
310,6,"Sede di Direzione Generale Archeologia, Belle Arti e Paesaggio"
311,85,Sede di Gallerie Nazionali di Palazzo Spinola
312,17,Sede di Gallerie estensi - Biblioteca estense universitaria
313,1,Sede di Museo civico di Bassano del Grappa
314,34,Sede di Museo nazionale archeologico della Sibaritide
315,4,"Sede di Soprintendenza Archeologia, Belle Arti e Paesaggio per la città metropolitana di Reggio Calabria e la provincia di Vibo Valentia"
316,28,Sede di Castel del Monte
317,6,Sede di Soprintendenza Archivistica della Sardegna
318,65,Sede di Museo nazionale di Ravenna
319,328,Sede di Museo archeologico nazionale delle Marche
320,37,Sede di Museo nazionale Concordiese di Portogruaro
321,48,Sede di Parco archeologico dell'Appia antica - Villa dei Quintili e Santa Maria Nova
322,33,Sede di Area archeologica di Nervia
323,20,Sede di Villa romana del Varignano
324,17,Sede di Soprintendenza Archivistica e Bibliografica della Calabria
325,8,Sede di Ex Regio Museo archeologico
326,38,Sede di Compendio garibaldino di Caprera
327,10,Sede di Biblioteca Statale Antonio Baldini
328,7,Sede di Archivio di Stato di Varese
329,48,Sede di Archivio di Stato di Siena
330,27,Sede di Archivio di Stato di Reggio Calabria
331,21,Sede di Museo Palazzo Pistilli
332,88,Sede di Direzione Regionale Musei Emilia Romagna
333,5,Sede di Biblioteca Medica Statale di Roma
334,26,Sede di Biblioteca Vallicelliana di Roma
335,10,Sede di Biblioteca Statale del Monumento Nazionale di Santa Giustina
336,32,Sede di Archivio di Stato di Forlì-Cesena
337,24,Sede di Museo nazionale di Casa Giusti
338,34,Sede di Museo nazionale di Palazzo Reale
339,6,Sede di Basilica di Superga
340,33,Sede di Museo nazionale del Paleolitico di Isernia
341,147,Sede di Museo archeologico dell'antica Capua e Mitreo
342,30,Sede di Area archeologica del Teatro romano di Benevento
343,7,Sede di Archivio di Stato di Chieti
344,12,Sede di Archivio di Stato di Rimini
345,20,Sede di Biblioteca statale Stelio Crise di Trieste
346,13,Sede di Archivio di Stato di Imperia
347,32,Sede di Biblioteca Statale di Lucca
348,21,"Sede di Museo preistorico dei ""Balzi Rossi"" e zona archeologica"
349,43,Sede di Castello svevo di Bari
350,44,Sede di Villa medicea di Cerreto Guidi e Museo storico della Caccia e del Territorio
351,27,Sede di Castello svevo di Trani
352,20,Sede di Parco archeologico di Paestum e Velia - Area archeologica di Velia
353,90,Sede di Museo archeologico nazionale di Firenze
354,33,Sede di Pantheon
355,28,Sede di Parco archeologico dell'Appia antica - Villa di Capo di Bove
356,68,Sede di Pinacoteca Nazionale di Bologna
357,2,Sede di Archivio di Stato di Vicenza
358,12,Sede di Archivio di Stato di Pavia
359,4,Sede di Archivio di Stato di Forlì-Cesena. Sezione di Cesena
360,18,Sede di Complesso monumentale della Pilotta - Galleria nazionale di Parma
361,9,Sede di Musei del Bargello - Museo di Casa Martelli
362,13,Sede di Archivio di Stato di Lucca
363,74,Sede di Villa Adriana e Villa d'Este - Villa d'Este
364,14,"Sede di Soprintendenza Archeologia, Belle Arti e Paesaggio per le Province di Cremona, Mantova e Lodi"
365,1,Sede di Mausoleo delle Carceri Vecchie
366,9,Sede di Archivio di Stato di Como
367,9,Sede di Palazzo ducale di Genova
368,10,Sede di Ex Chiesa del Tau
369,21,Sede di Basilica di San Francesco
370,46,Sede di Museo nazionale di Matera - Palazzo Lanfranchi
371,21,Sede di Archivio di Stato di Pesaro-Urbino
372,8,Sede di Museo dei Brettii e degli Enotri
373,7,Sede di Parco archeologico dell'area urbana e della Necropoli di Crucinia di Metaponto
374,32,Sede di Museo nazionale di Palazzo Mansi
375,39,Sede di Parco archeologico di Pompei - Area archeologica di Pompei
376,44,Sede di Parco archeologico dell'Appia antica  - Mausoleo di Cecilia Metella e Chiesa di San Nicola
377,28,Sede di Museo nazionale Collezione Salce sede di Santa Margherita
378,122,Sede di Museo archeologico nazionale dell'Umbria
379,48,Sede di Museo nazionale di Villa Guinigi
380,53,Sede di Villa medicea della Petraia
381,2,Sede di Castello Angioino di Copertino
382,3,Sede di Giardino della Villa a Castello
383,2,Sede di Giardino di Villa Il Ventaglio
384,4,Sede di Museo di Casa Giusti
385,6,"Sede di Complesso monumentale del Castello Ducale, giardino e parco di Aglié"
386,6,Sede di Complesso monumentale del Castello e Parco di Racconigi
387,2,Sede di Cenacolo Vinciano
388,3,Sede di Villa medicea di Poggio a Caiano e Giardino
389,14,Sede di Museo Archeologico Nazionale della Valle Camonica
390,2,"Sede di Museo nazionale delle residenze Napoleoniche ""Palazzina dei Mulini"""
391,2,"Sede di Museo nazionale delle residenze Napoleoniche ""Villa di San Martino"""
392,3,Sede di Basilica di San Francesco - Arezzo
393,24,Sede di Palazzo Besta
394,13,Sede di Parco Archeologico Nazionale dei Massi di Cemmo
395,39,"Sede di Museo archeologico nazionale del Melfese ""Massimo Pallottino"""
396,8,Sede di Biblioteca Statale di Cremona
397,67,Sede di Rocca demaniale di Gradara
398,3,Sede di Sede Espositiva in Palazzo Ducale di Tricarico
399,32,Sede di Archivio di Stato di Agrigento
400,22,Sede di Archivio di Stato di Terni
401,80,Sede di Biblioteca Universitaria di Cagliari
402,18,Sede di Archivio di Stato di Grosseto
403,16,Sede di Parco archeologico di Cerveteri e Tarquinia - Necropoli della Banditaccia
404,4,Sede di Museo di Capodimonte
405,17,Sede di Tempietto sul Clitunno
406,34,Sede di Ipogeo dei Volumni e Necropoli del Palazzone
407,23,Sede di Teatro romano e Antiquarium di Gubbio
408,35,Sede di Museo archeologico nazionale di Orvieto
409,7,Sede di Musei Reali - Biblioteca Reale
410,107,Sede di Museo archeologico nazionale di Cagliari
411,8,Sede di Museo archeologico nazionale Concordiese di Portogruaro
412,26,Sede di Museo e Galleria Borghese
413,133,Sede di Direzione Regionale Musei Puglia
414,18,Sede di Mausoleo di Teodorico
415,3,Sede di Ex Chiesa di San Mattia
416,16,"Sede di Museo nazionale etrusco ""Pompeo Aria"" ed area archeologica di Kainua - Marzabotto"
417,102,Sede di Museo archeologico nazionale di Taranto
418,2,Sede di Museo della bilancia
419,25,Sede di Museo archeologico nazionale ed Area archeologica di Cosa
420,15,Sede di Villa romana di Russi
421,9,Sede di Ufficio Stampa e Comunicazione
422,17,Sede di Archivio di Stato di Gorizia
423,13,"Sede di Museo archeologico nazionale ""La Civitella"" e Monumenti e Aree archeologiche dell'antica Teate"
424,3,Sede di Archivio di Stato dell'Aquila. Sezione di Avezzano
425,6,Sede di Reggia di Caserta - Parco Reale e Giardino Inglese
426,17,Sede di Palazzo Altieri
427,2,Sede di Regione Autonoma Trentino-Alto Adige/Südtirol
428,15,"Sede di Soprintendenza Archeologia, Belle Arti e Paesaggio per la città metropolitana di Cagliari e le province di Oristano e Sud Sardegna"
429,8,"Sede di Museo nazionale del cinema - Fondazione ""Maria Adriana Prolo"""
430,2,Sede di Museo Palazzo Ricci Arte italiana del '900
431,21,Sede di Parco Archeologico di Veio
432,47,"Sede di Museo Boncompagni Ludovisi per le arti decorative, il costume e la moda dei secoli XIX e XX"
433,21,Sede di Villa Lante
434,45,Sede di Museo nazionale di Matera - Museo Domenico Ridola
435,18,Sede di Museo archeologico nazionale di Sperlonga e Area archeologica
436,12,Sede di Museo archeologico dell'Agro Falisco - Forte Sangallo
437,12,Sede di Museo archeologico nazionale di Vulci
438,12,Sede di Complesso monumentale San Pietro a Corte - ipogeo e Chiesa S.Anna
439,9,Sede di Castello di Serralunga d'Alba
440,22,Sede di Museo nazionale dell'età neoclassica in Romagna - Palazzo Milzetti
441,13,Sede di Archivio di Stato di Ferrara
442,12,Sede di Direzione Generale Musei
443,23,Sede di Villa medicea di Poggio a Caiano e Museo della Natura Morta
444,14,Sede di Museo archeologico nazionale dell'Alta Val d'Agri - Grumento Nova
445,7,Sede di Parco archeologico Naxos
446,4,Sede di Grotta del Mitreo (Duino Aurisina)
447,23,Sede di Museo archeologico nazionale di Canosa di Puglia - Palazzo Sinesi
448,36,Sede di Museo archeologico di Teanum Sidicinum
449,46,Sede di Museo archeologico di Calatia
450,7,Sede di Arco di Malborghetto
451,6,Sede di Villa di Livia
452,28,"Sede di Museo archeologico nazionale ""Mario Torelli"", Parco archeologico e Catacombe ebraiche"
453,12,Sede di Museo del Cenacolo Vinciano
454,4,Sede di Parco Archeologico dei Campi Flegrei
455,7,Sede di Parco archeologico del Colosseo - Domus Aurea
456,20,Sede di Museo archeologico nazionale di Muro Lucano
457,6,Sede di Parco archeologico di Sibari
458,2,Sede di Museo delle storie di Bergamo
459,5,"Sede di La Castiglia - Museo della Civiltà Cavalleresca, Museo della Memoria Carceraria e la collezione permanente di arte contemporanea dell'Igav"
460,5,Sede di Biblioteca Angelica
461,15,Sede di Ufficio di Gabinetto
462,2,Sede di Museo Sa domu nosta
463,1,Sede di Orto botanico di Bergamo Lorenzo Rota
464,10,Sede di Istituto Centrale per i beni sonori ed audiovisivi
465,43,Sede di Museo nazionale e Area archeologica di Altino
466,9,Sede di Parco archeologico di Laos Santa Maria del Cedro
467,47,Sede di MArRC - Museo archeologico nazionale di Reggio Calabria
468,27,Sede di Biblioteca Statale Stelio Crise di Trieste
469,2,"Sede di Pinacoteca civica ""Bruno Molajoli"""
470,15,Sede di Archivio di Stato di Lecce
471,5,Sede di Archivio di Stato di Campobasso
472,8,Sede di Archivio di Stato di Pisa
473,7,Sede di Biblioteca statale di Macerata
474,1,Sede di Fondazione Palazzo Coronini Cronberg
475,1,Sede di Area di is paras
476,6,Sede di Museo Martinitt e Stelline
477,15,Sede di Abbazia di Santo Spirito al Morrone
478,1,Sede di Fondazione Movimento di corrente - onlus
479,8,Sede di Biblioteca Nazionale di Bari
480,23,Sede di Archivio di Stato di Napoli
481,1,Sede di Museo della centuriazione romana
482,5,Sede di Parco archeologico del Colosseo - Museo Palatino
483,18,"Sede di Museo e Pinacoteca d'Arte Medievale e Moderna della Città Metropolitana di Bari ""Corrado Giaquinto"""
484,23,Sede di Necropoli etrusca di Crocifisso del Tufo
485,6,Sede di Morro d'Alba - centro storico
486,1,Sede di Parco Archeologico Broglio
487,7,Sede di Palazzo Valdesi
488,2,Sede di CASTIGLIONE DI PALUDI -PARCO ARCHEOLOGICO
489,6,Sede di Parco archeologico dei Campi Flegrei - Parco archeologico delle Terme di Baia
490,1,Sede di Parco archeologico dei Campi Flegrei - Parco archeologico sommerso di Baia
491,3,Sede di Basilica di San Cesareo de Appia
492,13,Sede di Direzione Regionale Musei Umbria
493,8,Sede di Museo nazionale delle residenze Napoleoniche Villa S. Martino
494,1,Sede di Convento di San Francesco
495,5,Sede di Castello Miradolo
496,3,Sede di Museo delle tradizioni agroalimentari della Sardegna - Casa Steri
497,3,Sede di Castello di Fenis
498,3,Sede di Pinacoteca civica e galleria di arte contemporanea di Jesi
499,10,Sede di Archivio di Stato di Sassari
500,41,Sede di Archivio centrale dello Stato
501,2,Sede di Parco archeologico di Pompei - Reggia del Quisisana
502,14,Sede di Villa Rosa - Museo dell'Arte Vetraria Altarese
503,11,Sede di Castello di San Terenzo
504,1,Sede di Parco delle incisioni rupestri con Rupe Magna di Grosio
505,16,Sede di Soprintendenza Archivistica e Bibliografica dell'Umbria
506,4,"Sede di Soprintendenza Archeologia, Belle Arti e Paesaggio per il Molise"
507,1,Sede di Museo archeologico Oliveriano
508,7,Sede di Museo civico Villa Colloredo Mels
509,2,Sede di Museo della carta e della filigrana di Pioraco
510,7,Sede di Archivio di Stato di Brindisi
511,1,"Sede di Museo del mare e della costa ""Marcello Zei"""
512,1,Sede di MUSE' - Nuovo museo Paludi di Celano - Centro di restauro
513,1,Sede di Museo storico aeronautico
514,1,Sede di Museo internazionale del presepio di Morrovalle
515,2,Sede di Fondazione Villa del Balì
516,1,Sede di Parco Archeologico dell'Appia antica - Acquedotto dei Quintili
517,2,Sede di Fortezza medievale e Museo della Pagliarola
518,1,Sede di Museo archeologico e della Via Flaminia
519,1,Sede di Raccolta di opere d’arte Antica Farmacia Giuli
520,2,Sede di Museo della Resistenza di Falconara Marittima
521,1,Sede di Museo del Santuario di San Giacomo della Marca di Monteprandone - Musei sistini del piceno
522,1,"Sede di Museo di arte moderna, dell’informazione e della fotografia"
523,1,Sede di Musei di Palazzo ducale
524,2,Sede di Museo Federico II - Stupor Mundi
525,1,Sede di Museo archeologico del territorio di Cupra Marittima
526,1,Sede di Civica raccolta d’arte e raccolta incisori marchigiani
527,1,"Sede di Area archeologica e museo ""La Fenice"""
528,1,Sede di Alca - Museo e Biblioteca comunali
529,3,"Sede di Musei civici ""Luigi Barni"""
530,8,Sede di Segretariato Regionale del Ministero della cultura per la Puglia
531,7,Sede di Ex Ospedale di San Rocco
532,8,Sede di Cappella della Ss. Annunziata
533,18,Sede di Parco archeologico di Ostia antica - Area archeologica dei Porti Imperiali di Claudio e Traiano
534,7,Sede di Antiquarium e Area archeologica della Villa romana
535,1,Sede di Il gigante di Duronia
536,2,Sede di Biblioteca di Archeologia e Storia dell’Arte
537,6,Sede di Castello Gamba  di Chatillon
538,2,Sede di Foligno - Loc. Rasiglia
539,6,Sede di Direzione Generale Organizzazione
540,3,Sede di Palazzo Fava - Palazzo delle esposizioni
541,4,Sede di Museo civico archeologico Isidoro Falchi
542,5,Sede di Pinacoteca dell’accademia Albertina di belle arti
543,2,Sede di Fondazione Camillo Cavour - Castello Cavour
544,8,Sede di Museo Accorsi-Ometto
545,2,Sede di Museo del vino - Enoteca regionale della sardegna
546,1,"Sede di Ecomuseo Sogno di luce ""Alessandro Cruto"""
547,3,Sede di Museo archeologico lomellino
548,1,Sede di Ferrovia-Museo della Stazione di Colonna
549,3,Sede di Museo della radio e della televisione di Torino
550,1,"Sede di Domus romana Lucca ""Casa del Fanciullo Sul Delfino"""
551,2,Sede di Galleria dell’accademia nazionale di San Luca
552,8,Sede di Biblioteca Riccardiana
553,3,Sede di Civico Museo archeologico di Milano
554,3,Sede di Tempio di Minerva Medica
555,1,Sede di Limonaia Prà Dela Fam
556,1,Sede di Villa Necchi Campiglio
557,3,Sede di Museo rocca Sanvitale
558,1,Sede di Torre di Porta Aquileia
559,1,Sede di Villa de Claricini Dornpacher
560,5,Sede di Chiostro di Santa Chiara
561,4,"Sede di Museo della preistoria ""Luigi Donini"""
562,1,Sede di Casa museo Walser
563,1,"Sede di Museo civico Arti, Mestieri,  Archeologia e Costume"
564,1,Sede di Palazzo San Bonifacio Ardit e Archivio Storico Comunale
565,1,Sede di Museo Ferroviario della Puglia
566,2,Sede di Museo civico e gipsoteca Bistolfi
567,1,Sede di Museo dei tesori di Oropa. Santuario di Oropa
568,4,Sede di Segretariato Regionale del Ministero della cultura per la Sardegna
569,1,Sede di Museo - Itinerario della Memoria e della Pace - Centro studi Giovanni Palatucci
570,5,Sede di Comprensorio archeologico di Santa Croce in Gerusalemme
571,1,Sede di Castello e Museo civico di Barletta
572,2,Sede di Sacro Monte di Orta
573,3,Sede di CAMEC - Centro d'arte moderna e contemporanea
574,1,Sede di Museo civico di Rieti
575,1,Sede di Villa di Orazio
576,1,Sede di Museo manzoniano
577,1,Sede di Museo del tesoro della Cattedrale di Aosta
578,3,Sede di Archivio di Stato di Agrigento. Sezione di Sciacca
579,8,"Sede di Concordia Sagittaria,  area archeologica sotto la Cattedrale"
580,1,Sede di Antiquarium di Pyrgi e Area archeologica
581,11,Sede di Museo Archeologico Nazionale di Muro Lucano
582,4,Sede di Biblioteca Medicea Laurenziana di Firenze
583,1,Sede di Museo Mandralisca
584,4,Sede di Certosa di Trisulti
585,1,Sede di Ipogeo degli Ottavi
586,5,Sede di Abbazia greca di San Nilo
587,4,Sede di Abbazia Greca di San Nilo
588,8,Sede di Biblioteca Nazionale di Napoli - Vittorio Emanuele III
589,5,Sede di Palazzo Strozzi
590,13,"Sede di Museo archeologico nazionale ""G. Asproni"""
591,2,Sede di Villa museo Giacomo Puccini
592,3,Sede di Area archeologica Amiternum
593,1,Sede di Centro operativo per l'Archeologia
594,2,Sede di Museo della carta di Amalfi
595,2,Sede di Area archeologica della necropoli monumentale di Avella
596,1,Sede di Museo archeologico nazionale della Laguna di Venezia
597,2,Sede di Museo storico italiano della guerra
598,2,Sede di Ponte Real Ferdinando
599,1,Sede di Museo d'arte contemporanea di Buddusò
600,1,Sede di Museo civico di Abano Terme
601,3,Sede di Museo civico di storia naturale di Morbegno
602,2,Sede di Tomba di Cicerone
603,6,Sede di Museo MAN - Museo d'arte Provincia di Nuoro
604,1,Sede di Villa romana della Foce
605,1,"Sede di Area archeologica Su Nuraxi ""Centro G. Lilliu"""
606,3,Sede di Musei capitolini Museo Palazzo dei Conservatori
607,14,Sede di Parco archeologico del Colosseo - Colosseo. Anfiteatro Flavio
608,7,Sede di Istituto autonomo Vittoriano e Palazzo Venezia - Museo centrale del Risorgimento di Roma
609,3,Sede di Complesso Museale di S. Francesco di Trevi
610,2,Sede di Museo archeologico del territorio di Populonia
611,1,Sede di Castello di Castell'Alfero
612,2,Sede di Museo archeologico nazionale La Civitella di Chieti
613,4,Sede di Cappella dell'Annunziata
614,2,Sede di Museo archeologico nazionale La Civitella di Chieti e Monumenti e Aree archeologiche dell'antica Teate
615,1,Sede di Palazzo Chigi alla Postierla
616,2,"Sede di Museo d'arte orientale ""Edoardo Chiossone"""
617,1,"Sede di Museo ""Stibbert"""
618,1,"Sede di Biblioteca comunale ""Aurelio Cassar"""
619,3,"Sede di Museo etnografico ""Giovanni Podenzana"""
620,2,Sede di Castello di San Giorgio
621,1,Sede di Museo storico della campana Marinelli snc
622,1,"Sede di Parco archeologico dei Campi Flegrei - Necropoli di Cappella, Misenum"
623,1,Sede di Fondazione Carla Musazzi
624,1,Sede di MAGA - Museo Arte Gallarate
625,2,"Sede di Museo archeologico regionale eoliano ""Luigi Bernabò Brea"""
626,2,Sede di Biblioteca Classense
627,4,Sede di Palazzo Economo
628,1,Sede di Museo Baroffio e del Santuario del Sacro Monte sopra Varese
629,1,Sede di Casa del Cardinale Bessarione
630,1,Sede di Parco archeologico di Iuvanum
631,2,Sede di Museo diocesano Giovanni Tarantini di Brindisi
632,1,Sede di Castello di Rivoli - Museo d'arte contemporanea
633,2,Sede di MUSE - Museo delle Scienze di Trento
634,1,Sede di Museo archeologico provinciale dell’Agro Nocerino
635,2,"Sede di Musei di Villa Torlonia, Casina delle Civette"
636,1,Sede di Museo di paesaggi e narrazioni (SMO - Slovensko multimedialno okno)
637,2,Sede di Palazzina del Belvedere - Collezione Archeologica Faldetta
638,2,Sede di Museo Cabriniano
639,2,Sede di Civico museo archeologico di Angera
640,1,Sede di Musei di Strada Nuova - Galleria di Palazzo Bianco
641,3,Sede di Parco Archeologico di Sibari
642,2,"Sede di Musei di villa Torlonia, Casino dei Principi"
643,2,"Sede di Soprintendenza Archeologia, Belle Arti e Paesaggio per il Comune di Venezia e Laguna"
644,2,Sede di Ex Ospedale San Rocco
645,3,Sede di Museo della pesca del Lago Trasimeno
646,1,Sede di Casa museo Ivan Bruschi
647,3,"Sede di Soprintendenza Archeologia, Belle Arti e Paesaggio per le province di Lucca e Massa Carrara"
648,2,Sede di Museo civico Castello Ursino
649,1,Sede di Museo e Abbazia di San Caprasio
650,1,Sede di Archivio di Stato di Bolzano
651,3,Sede di Museo internazionale e biblioteca della musica
652,1,"Sede di Polo museale Palazzo dei Priori. Pinacoteca e sezione archeologica ""Fermo dai Villanoviani ai Piceni"""
653,1,Sede di Museo civico di Bracciano
654,1,Sede di Museo e Parco Archeologico di Medma
655,7,Sede di Archivio di Stato di Catanzaro
656,1,Sede di Palazzo dei Priori
657,1,Sede di Museo del Sannio
658,18,Sede di Palazzo Japoce
659,1,Sede di Museo archeologico di Giardini Naxos
660,2,"Sede di Soprintendenza Archeologia, Belle Arti e Paesaggio per le province di Ancona e Pesaro e Urbino"
661,1,Sede di Palazzo Verbania
662,1,Sede di Museo civico archeologico della Valtenesi
663,1,"Sede di Museo ""Ludovigo Pogliaghi"""
664,2,Sede di Casa Bertoli
665,3,Sede di Area archeologica di Alba Docilia
666,1,Sede di Museo della civiltà contadina e pastorale
667,1,"Sede di Polo espositivo ""Casa Zapata"""
668,1,Sede di Orto botanico sperimentale G. E. Ghirardi
669,1,Sede di Area archeologica di Fratte
670,2,Sede di Museo civico archeologico etnologico di Modena
671,3,Sede di Biblioteca Universitaria Alessandrina
672,2,Sede di Archivio di Stato di Cosenza. Sezione di Castrovillari
673,1,Sede di Archivio di Stato di Imperia. Sezione di Ventimiglia
674,1,Sede di Museo civico del Mare di Tropea - MuMaT
675,3,Sede di Archivio di Stato di Pistoia. Sezione di Pescia
676,1,Sede di Comprensorio archeologico del Circeo
677,1,Sede di Museo civico di Rovereto
678,3,Sede di Museo del Carnevale
679,2,Sede di Museo archeologico del Finale
680,1,Sede di Ecomuseo Val Resia
681,1,Sede di Museo civico di storia naturale di Trieste
682,1,Sede di Museo civico di Montesano sulla Marcellana
683,1,Sede di Museo del Palazzo Piccolomini
684,1,Sede di Museo civico di Scienze Naturali Severo Sini
685,1,Sede di Museo del patrimonio industriale
686,1,Sede di Antico Frantoio Iacovone
687,1,"Sede di Museo civico archeologico ""R.Lamrechts"""
688,9,Sede di Istituto Centrale per il Restauro
689,2,Sede di Muv - Museo della civiltà Villanoviana
690,1,Sede di Ex Chiesa di Sant'Agostino di Orvieto
691,1,Sede di Museo civico Porta della terra e Parco archeologico del Quadrilatero
692,1,Sede di Fornace Alba Docilia
693,1,Sede di Museo Nivola
694,1,Sede di Palazzo dei Diamanti
695,1,Sede di Museo archeologico provinciale di Salerno
696,1,Sede di Tombe Golini ed Hescanas
697,1,Sede di Necropoli di Fosso Rigo
698,2,Sede di Museo di fotografia contemporanea
699,1,Sede di Museo della fondazione Primo Conti
700,1,Sede di Aurum
701,1,Sede di Parco archeologico di Aeclanum
702,1,Sede di Centro turistico culturale San Basilio
703,1,"Sede di Museo di antropologia criminale ""Cesare Lombroso"""
704,1,Sede di Segretariato Regionale del Ministero della cultura per la Calabria
705,3,Sede di Complesso monumentale della Pilotta - Museo archeologico nazionale di Parma
706,1,Sede di Museo della Cattedrale di Ferrara
707,1,Sede di Museo della Linea dei Goti
708,1,Sede di Civiche raccolte d'arte di Palazzo Cicogna
709,1,"Sede di Museo diffuso della resistenza, della deportazione, della guerra, dei diritti e delle libertà"
710,1,Sede di Museo archeologico Antiquarium Arborense
711,1,Sede di Musei sistini del Piceno - Museo di arte sacra di Comunanza
712,3,Sede di Museo della sindone
713,1,Sede di Complesso museale e centro studi G. Avena
714,1,Sede di Antico Palazzo dei vescovi e Museo della Cattedrale di San Zeno
715,1,Sede di Teatro comunale di Gualtieri
716,1,Sede di Villa Scarzella
717,1,Sede di Keats-Shelley house
718,1,Sede di Museo ebraico di Casale Monferrato
719,1,"Sede di Civico museo archeologico ""Giovanni Marongiu"""
720,1,Sede di Sale d'arte
721,1,Sede di Museo archeologico Colfiorito (MAC)
722,2,Sede di Palazzo delle Esposizioni
723,3,Sede di Anfiteatro romano di Amiternum
724,3,Sede di Teatro romano di Amiternum
725,3,Sede di Museo archeologico nazionale di Campli
726,2,"Sede di Galleria ""Giorgio Franchetti"" alla Ca' d'Oro"
727,4,Sede di Museo archeologico nazionale della Sibaritide
728,2,Sede di Tomba di Virgilio
729,1,"Sede di Museo della ""Memoria contadina"" di Casalciprano"
730,1,Sede di Gamc - Galleria d’arte moderna e contemporanea Lorenzo Viani
731,1,Sede di Grotte di Toirano
732,2,Sede di Chiesa di San Giovanni Battista
733,1,Sede di Museo Sòn de Lenga di Espaci Occitan
734,1,Sede di Museo degli innocenti
735,2,Sede di Museo archeologico nazionale di Ferrara
736,2,Sede di Museo archeologico di Venezia
737,1,Sede di Castello Malaspina dal Verme Bobbio
738,1,Sede di Castello di Acquafredda
739,1,Sede di Museo teatrale alla Scala
740,96,Sede di Museo archeologico nazionale di Reggio Calabria
741,1018,Sede di Ministero della cultura
742,421,Sede di Museo delle Civiltà
743,67,Sede di Museo archeologico nazionale di Cividale del Friuli
744,18,Sede di Galleria Nazionale delle Marche
745,92,Sede di Rocca Roveresca di Senigallia
746,9,Sede di Gallerie Nazionali di Arte Antica - Galleria Corsini
747,143,Sede di Parco archeologico di Ostia antica - Area archeologica di Ostia antica
748,7,Sede di Parco archeologico di Ostia antica - Museo delle navi
749,10,Sede di Parco archeologico di Ostia antica - Necropoli di Porto - Isola Sacra
750,45,Sede di Musei del Bargello - Museo nazionale del Bargello
751,48,Sede di Museo archeologico nazionale di Adria
752,56,Sede di Antiquarium statale di Numana
753,4,Sede di Musei del Bargello - Cappelle Medicee
754,37,Sede di Museo e Parco archeologico nazionale di Locri
755,31,Sede di Museo Storico e il Parco del Castello di Miramare
756,54,Sede di MuNDA - Museo nazionale d'Abruzzo
757,92,Sede di Museo nazionale romano - Palazzo Massimo
758,8,Sede di Soprintendenza Archivistica e Bibliografica del Veneto e del Trentino Alto-Adige
759,44,Sede di Museo Diego Aragona Pignatelli Cortes e Museo delle Carrozze
760,43,Sede di Grotte di Catullo e Museo Archeologico di Sirmione
761,45,Sede di Villa Romana e Antiquarium
762,39,Sede di Pinacoteca nazionale di Sassari
763,10,Sede di Museo archeologico di Quarto d'Altino
764,98,Sede di Parco archeologico del Colosseo - Foro Romano e Palatino
765,30,Sede di Museo archeologico nazionale del Sannio Caudino
766,63,Sede di Galleria Spada
767,1,Sede di Museo archeologico Caburrum
768,12,Sede di Museo archeologico nazionale di Chiavari
769,31,"Sede di Galleria nazionale della Puglia ""Girolamo e Rosaria Devanna"""
770,1,Sede di Area Archeologica del Santuario Etrusco di Cannicella
771,23,Sede di Museo archeologico nazionale e Castello di Gioia del Colle
772,23,Sede di Biblioteca Statale di Macerata
773,2,Sede di Museo civico Polironiano
774,23,Sede di Soprintendenza Archivistica della Sicilia - Archivio di Stato di Palermo
775,23,Sede di Complesso monumentale di San Vincenzo al Volturno
776,19,"Sede di Soprintendenza Archeologia, Belle Arti e Paesaggio dell'Umbria"
777,31,Sede di Museo archeologico di Eboli e della Media Valle del Sele e Aree archeologiche delle fornaci SS. Cosma e Damiano e della Villa Romana di Paterno
778,10,Sede di Archivio di Stato di Biella
779,19,Sede di Museo archeologico nazionale di Metaponto
780,62,Sede di Musei Reali
781,19,Sede di Archivio di Stato di Perugia. Sezione di Spoleto
782,19,Sede di Museo delle navi romane di Nemi
783,162,Sede di Museo archeologico nazionale di Taranto - MArTA
784,160,Sede di Gallerie dell'Accademia di Venezia
785,9,Sede di Archivio di Stato di Ancona
786,19,Sede di Biblioteca Universitaria di Padova
787,21,Sede di Biblioteca Nazionale Marciana di Venezia
788,37,Sede di Archivio di Stato di Torino
789,54,"Sede di Museo archeologico nazionale ""Vito Capialbi"""
790,5,Sede di Archivio di Stato di Sondrio
791,20,Sede di Archivio di Stato di Bari
792,32,Sede di Parco archeologico di Paestum e Velia - Museo archeologico nazionale
793,98,Sede di Biblioteca Universitaria di Sassari
794,51,Sede di Pinacoteca di Brera
795,13,Sede di Archivio di Stato di Vercelli
796,35,Sede di Pinacoteca di Brera - Biblioteca Nazionale Braidense di Milano
797,21,"Sede di Biblioteca nazionale di Napoli ""Vittorio Emanuele III"""
798,1,Sede di Soprintendenza Nazionale per Il Patrimonio Culturale Subacqueo
799,6,Sede di Archivio di Stato di Novara
800,17,Sede di Archivio di Stato di Trapani
801,9,Sede di Archivio di Stato di Enna
802,11,Sede di Gallerie degli Uffizi
803,45,Sede di Archivio di Stato di Perugia
804,8,Sede di Archivio di Stato di Bari. Sezione di Trani 
805,14,Sede di Archivio di Stato di Avellino
806,21,Sede di Parco archeologico di Cerveteri e Tarquinia - Museo archeologico nazionale di Tarquinia
807,7,Sede di Museo diocesano Mons. Aurelio Sorrentino
808,36,Sede di Direzione regionale Musei Calabria
809,11,Sede di Archivio di Stato di Matera
810,17,Sede di Forte San Giovanni
811,55,Sede di Archivio di Stato di Cosenza
812,28,Sede di Pinacoteca nazionale di Siena
813,2,Sede di Biblioteca Universitaria di Pisa
814,16,Sede di Archivio di Stato di Venezia
815,9,Sede di Archivio di Stato di Caltanissetta
816,1,Sede di Gallerie degli Uffizi - Museo delle porcellane
817,110,Sede di Palazzo Reale di Napoli
818,15,Sede di Segretariato Regionale del Ministero della cultura per la Liguria
819,14,Sede di Museo nazionale d'arte medievale e moderna
820,1,Sede di Museo civico per la preistoria del Monte Cetona
821,86,Sede di Museo di San Marco
822,41,Sede di Museo archeologico nazionale “Gaio Cilnio Mecenate” e Anfiteatro romano
823,26,Sede di Castello di Capua
824,20,"Sede di Soprintendenza Archeologia, Belle Arti e Paesaggio per le province di Ravenna, Forlì-Cesena e Rimini"
825,7,Sede di Villa Jovis
826,7,Sede di Archivio di Stato di Taranto
827,26,Sede di Galleria Giorgio Franchetti alla Ca' d'Oro
828,24,Sede di Parco archeologico di Cerveteri e Tarquinia - Museo nazionale archeologico Cerite
829,47,Sede di Villa Adriana e Villa d'Este - Santuario di Ercole Vincitore
830,9,Sede di Archivio di Stato di Arezzo
831,2,Sede di Archivio di Stato di Foggia
832,22,"Sede di Soprintendenza Archeologia, Belle Arti e Paesaggio per la Provincia di Cosenza"
833,13,Sede di Archivio di Stato di Udine
834,24,Sede di Gallerie Nazionali di Arte Antica - Palazzo Barberini
835,104,Sede di Museo Palazzo Reale di Genova
836,12,Sede di Palazzo Reale di Milano
837,115,Sede di Direzione Regionale Musei Piemonte
838,24,Sede di Archivio di Stato di Pordenone
839,14,Sede di Palazzo De Lieto - Pinacoteca Angelo Brando di Maratea
840,21,Sede di Museo nazionale archeologico e Castello di Manfredonia
841,11,Sede di Segretario Generale
842,1,Sede di Centro di paleontologia vegetale della foresta fossile di Dunarobba
843,11,Sede di Palazzo Reale di Genova
844,18,Sede di Parco archeologico dei Campi Flegrei - Museo archeologico dei Campi Flegrei nel Castello di Baia
845,12,Sede di Archivio di Stato di Perugia. Sezione di Foligno
846,10,Sede di Biblioteca Statale Annessa al Monumento Nazionale di Grottaferrata
847,1,Sede di Castel Stenico
848,11,Sede di Archivio di Stato di Livorno
849,72,Sede di Biblioteca Nazionale di Cosenza
850,24,Sede di Archivio di Stato di Pescara
851,22,"Sede di Soprintendenza Archeologia, Belle Arti e Paesaggio del Friuli Venezia Giulia"
852,9,Sede di Archivio di Stato di Pesaro-Urbino. Sezione di Urbino
853,29,Sede di Soprintendenza Archivistica e Bibliografica della Puglia
854,12,Sede di Archivio di Stato di Caserta
855,10,Sede di Archivio di Stato di Frosinone
856,44,Sede di Giardino della Villa medicea di Castello
857,33,Sede di Parco archeologico dell'Appia antica - Parco delle Tombe della via Latina e Basilica di Santo Stefano
858,164,Sede di Museo storico e il Parco del Castello di Miramare
859,64,Sede di Biblioteca Vallicelliana
860,26,Sede di Museo archeologico nazionale della Siritide - Policoro
861,15,Sede di Certosa di San Lorenzo
862,1,Sede di Certosa monumentale di Calci
863,15,Sede di Area archeologica di Comeana - Tumuli di Montefortini e Boschetti
864,35,Sede di Palazzo Carignano
865,21,Sede di Area archeologica di Roselle
866,2,Sede di Palazzo Sinesi
867,9,Sede di Castello di Moncalieri
868,3,Sede di Area archeologica di Augusta Bagiennorum
869,13,Sede di Parco Nazionale delle Incisioni Rupestri
870,13,Sede di MUPRE - Museo Nazionale della Preistoria della Valle Camonica
871,40,Sede di Castello Scaligero di Sirmione
872,17,Sede di Cappella Espiatoria
873,11,Sede di Complesso Monumentale e Museo della Certosa di Pavia
874,28,Sede di Istituto Centrale per la Grafica
875,18,Sede di Direzione Regionale Musei Friuli Venezia Giulia
876,2,Sede di Museo archeologico statale e Parco archeologico di Urbs Salvia
877,13,Sede di Palazzo Pepoli Campogrande
878,49,Sede di Area archeologica di Carsulae
879,7,Sede di Reggia di Caserta
880,2,Sede di Museo Archeologico Nazionale di Cagliari
881,5,Sede di Biblioteca Medicea Laurenziana
882,1,Sede di Gallerie degli Uffizi - Palazzo Pitti
883,3,Sede di Soprintendenza Archivistica e Bibliografica della Liguria
884,17,Sede di Area archeologica e Antiquarium di Veleia
885,22,Sede di Fortezza Firmafede
886,25,Sede di Castello di Torrechiara
887,6,Sede di Carcere Borbonico
888,16,Sede di Villa Adriana e Villa d'Este
889,20,Sede di Museo archeologico statale di Cingoli
890,16,Sede di Museo archeologico nazionale di Civitavecchia
891,100,Sede di Museo archeologico nazionale di Aquileia
892,19,Sede di Parco archeologico dell'Appia antica - Antiquarium di Lucrezia Romana
893,18,Sede di Museo paleocristiano di Aquileia
894,5,Sede di Gallerie Estensi
895,24,Sede di Palazzo Farnese
896,21,Sede di Museo Giacomo Manzù
897,14,Sede di Museo archeologico nazionale di Tuscania
898,19,Sede di Museo archeologico nazionale di Formia
899,8,Sede di Chiesa di San Pietro
900,7,Sede di Museo e Galleria Mozzi Bardini
901,37,Sede di Complesso monumentale del Castello e parco di Racconigi
902,21,Sede di Abbazia di Vezzolano
903,39,Sede di Museo archeologico nazionale Antiquarium Turritano e area archeologica
904,86,Sede di Museo d’Arte Orientale Venezia
905,11,Sede di Palazzo Simi - Centro operativo per l'Archeologia
906,31,Sede di Complesso monumentale della Pilotta - Biblioteca Palatina di Parma
907,43,Sede di Complesso monumentale della Pilotta - Teatro Farnese
908,39,Sede di Palazzo ducale di Gubbio
909,14,Sede di Segretariato Regionale del Ministero della cultura per le Marche
910,37,Sede di Museo nazionale Atestino
911,1,Sede di Museo Archeologico Nazionale di Mantova
912,3,Sede di MAR - Museo Archeologico Regionale
913,5,Sede di Galleria Nazionale dell'Umbria
914,8,Sede di Gallerie Estensi - Palazzo Ducale di Sassuolo
915,4,Sede di Castello Sforzesco
916,4,Sede di Chiostro dello Scalzo
917,6,Sede di Eremo di San Leonardo al Lago
918,23,Sede di Museo di Casa Romei
919,14,Sede di Cenacolo di Andrea del Sarto a San Salvi
920,12,Sede di Castello Giulio II
921,7,Sede di Museo nazionale delle residenze Napoleoniche Palazzina dei Mulini
922,7,Sede di Grotta Azzurra
923,7,Sede di Teatro romano di Teanum Sidicinum
924,28,Sede di Museo archeologico dell'Agro atellano
925,5,Sede di Abbazia di San Clemente a Casauria
926,28,Sede di Castello Piccolomini - Collezione Torlonia e Museo d'Arte Sacra della Marsica
927,1,Sede di Chiesa di San Pietro ad Oratorium
928,8,Sede di Parco Archeologico dell'Appia Antica
929,7,Sede di Palazzina di caccia di Stupinigi Museo di arte e ammobiliamento
930,6,Sede di GAM - Galleria civica d'arte moderna e contemporanea
931,2,Sede di Museo civico del Risorgimento
932,2,Sede di Museo della cultura contadina - Ecomuseo Alta Val Petronio
933,12,Sede di Museo nazionale romano - Aula ottagona delle Terme di Diocleziano
934,13,Sede di Archivio di Stato di Macerata
935,1,Sede di Castello Aragonese
936,2,Sede di Museo nazionale dell'Ebraismo Italiano e della Shoah - MEIS
937,4,Sede di Villa Carlotta - Museo e giardino botanico
938,2,Sede di MAV - Museo Archeologico Virtuale
939,12,Sede di Museo nazionale Etrusco di Villa Giulia
940,6,Sede di Parco Archeologico di Ercolano
941,3,Sede di Parco Archeologico di Rudiae
942,5,Sede di Archivio di Stato di Nuoro
943,3,Sede di Civico museo archelogico della Valle Sabbia
944,2,Sede di Gallerie degli Uffizi - Museo della Moda e del Costume (Palazzo Pitti)
945,3,Sede di MAT - Museo dell’Alto Tavoliere di San Severo
946,1,Sede di Museo provinciale di storia naturale
947,8,Sede di Rione Testaccio
948,1,Sede di Museo civico di Castel Bolognese
949,24,Sede di Musei del Bargello - Museo delle Cappelle Medicee
950,3,Sede di Villa Durazzo
951,4,Sede di Biblioteca Universitaria Alessandrina di Roma
952,6,Sede di Soprintendenza Archivistica e Bibliografica della Toscana
953,14,Sede di Parco archeologico dei Campi Flegrei - Parco archeologico di Cuma
954,9,"Sede di Parco archeologico dei Campi Flegrei - Anfiteatro Flavio, Puteoli"
955,33,"Sede di Complesso monumentale del Castello ducale, del giardino e parco di Aglié"
956,18,Sede di Le Castella
957,13,Sede di Museo statale di Mileto
958,23,Sede di Museo e Parco archeologico dell'Antica Kaulon
959,5,Sede di Museo archeologico nazionale di Amendolara
960,1,Sede di Villa Corsini a Castello
961,3,Sede di Oratorio di San Desiderio
962,21,Sede di Santuario italico
963,1,Sede di Museo civico Visconti Venosta
964,1,Sede di Museo per la storia dell’Università di Pavia
965,7,Sede di Museo dell’ara Pacis Augustae
966,9,Sede di Museo nazionale della scienza e della tecnologia Leonardo da Vinci
967,7,Sede di Museo nazionale Romano
968,30,Sede di Museo archeologico nazionale e zona archeologica di Luni
969,11,Sede di MAO - Museo d’Arte Orientale
970,6,Sede di Madre - Museo d’arte contemporanea Donnaregina
971,1,Sede di Museo mineralogico campano
972,2,Sede di Chiostro di San Domenico
973,2,Sede di Museo del sigillo
974,1,Sede di Complesso termale di Via Terracina
975,4,Sede di Biblioteca Statale del Monumento Nazionale di Grottaferrata
976,1,Sede di Casa-Museo di Palazzo Sorbello
977,30,"Sede di Pinacoteca civica ""Francesco Podesti"""
978,5,Sede di Palazzo Barrago
979,13,Sede di Archivio di Stato di Vibo Valentia
980,11,"Sede di Direzione Generale Educazione, ricerca e istituti culturali"
981,2,Sede di Pinacoteca provinciale di Salerno
982,1,"Sede di Area archeologica ""Santa Vittoria"""
983,1,"Sede di Pinacoteca ""Giuseppe De Nittis"""
984,1,Sede di Archivio storico
985,13,Sede di Segretariato Regionale del Ministero della cultura per il Veneto
986,2,Sede di Museo d'arte contemporanea Casa del console
987,8,Sede di Segretariato Regionale del Ministero della cultura per il Friuli Venezia Giulia
988,1,Sede di Galleria d’arte di Palazzo Sarcinelli
989,1,Sede di MuDOP - Museo Diocesano Oppido-Palmi
990,5,Sede di Palazzo Medici Riccardi
991,8,Sede di Gallerie d'Italia
992,5,Sede di Castello Estense
993,2,Sede di Musei civici - Pinacoteca e museo della carrozza
994,2,Sede di Polo museale di San Francesco
995,3,Sede di Museo dell'ossidiana
996,2,"Sede di Museo etnografico ""Antico mulino ad acqua Licheri"""
997,2,Sede di Pinacoteca comunale di Città di Castello
998,3,Sede di Biblioteca Angelica di Roma
999,4,Sede di Antiquarium e Area archeologica di Lucus Feroniae
1000,1,Sede di Parco archeologico di Paestum e Velia - Area archeologica del Santuario di Hera alla Foce del Sele
1001,8,Sede di Istituto centrale per la grafica - Calcografia
1002,2,"Sede di Museo Civico Archeologico ""Giovanni Rambotti"""
1003,2,"Sede di Soprintendenza Archeologia, Belle Arti e Paesaggio per le province di Bergamo e Brescia"
1004,5,Sede di MAMbo - Museo d'Arte Moderna di Bologna
1005,12,Sede di Villa Giustiniani Odescalchi
1006,3,Sede di Villa Giustiniani
1007,4,Sede di Villa Lante Bagnaia
1008,3,Sede di Soprintendenza Archivistica e Bibliografica del Lazio
1009,4,Sede di Tor San Michele
1010,1,Sede di Galleria d'arte moderna Palazzo Forti
1011,4,Sede di Rocca Albornoziana di Spoleto
1012,2,Sede di Musei civici di Pavia
1013,3,Sede di Polo museale Masseranese
1014,3,Sede di Museo civico casa Cavassa
1015,1,Sede di Parco paleontologico di Cene
1016,3,Sede di Parco Archeologico e Museo dell'Area Megalitica di Saint Martin de Corléans
1017,2,Sede di Basilica paleocristiana di via Madonna del Mare
1018,3,Sede di Antiquarium e mura di Via del Seminario
1019,3,Sede di Civico museo archeologico di Camaiore
1020,1,Sede di Museo della Collegiata di Sant'Andrea
1021,7,Sede di Museo del territorio biellese
1022,3,Sede di Fortezza del Priamar
1023,1,Sede di Museo del paesaggio di Castelnuovo Berardenga
1024,2,Sede di Museo dell’Abbazia della SS. Trinità
1025,5,Sede di Museo della scuola e del libro per l'infanzia
1026,1,"Sede di Mostra permanente - ""Il museo della Città romana di Claterna"""
1027,1,Sede di Museo Studio Francesco Messina
1028,1,"Sede di Museo civico archeologico ""Antonio de Nino"""
1029,1,Sede di Museo civico Andrea Tubino
1030,6,Sede di Abbazia di Sant'Antonio di Ranverso
1031,2,Sede di Museo dei Misteri
1032,3,Sede di Area archeologica di Volsini
1033,2,"Sede di Museo naturalistico del territorio ""Giovanni Pusceddu"""
1034,2,Sede di Museo nazionale del Risorgimento italiano
1035,1,Sede di Museo arti e mestieri di un tempo
1036,4,Sede di Complesso Monumentale del Broletto
1037,1,Sede di Museo civico di Bormio
1038,4,"Sede di Soprintendenza Archeologia, Belle Arti e Paesaggio per la città metropolitana di Bologna e le province di Modena, Reggio Emilia e Ferrara"
1039,1,Sede di Museo Correale di Terranova
1040,4,Sede di Museo delle alpi - Forte di Bard
1041,2,"Sede di Auditorium Parco Della Musica ""Ennio Morricone"""
1042,3,Sede di MAUTO - Museo dell'automobile di Torino
1043,7,Sede di Musei Reali - Sale Chiablese
1044,3,Sede di Soprintendenza Archivistica e Bibliografica del Piemonte e della Valle D'aosta
1045,1,Sede di Museo DIOCESANO di Monopoli
1046,3,Sede di Vittoriano e Palazzo Venezia
1047,3,"Sede di Soprintendenza Archeologia, Belle Arti e Paesaggio per le province di Verona, Rovigo e Vicenza"
1048,12,Sede di Archivio di Stato di Ragusa
1049,4,Sede di Abbazia di Montecassino
1050,4,Sede di Museo nazionale di Matera
1051,11,Sede di Musei del Bargello - Museo di Palazzo Davanzati
1052,2,Sede di Chiesa di Santa Maria delle Nevi
1053,9,Sede di Istituto Centrale per il Patrimonio Immateriale
1054,4,Sede di Istituto Centrale per la Digitalizzazione del Patrimonio Culturale - Digital Library
1055,2,Sede di Museo della rocca di Campiglia
1056,2,Sede di Parco archeologico di Baratti e Populonia
1057,1,Sede di Abbazia di Fruttuaria
1058,2,Sede di Deposito pleistocenico della Polledrara di Cecanibbio
1059,1,"Sede di Castello dei burattini - Museo ""G. Ferrari"""
1060,2,Sede di Museo virtuale della scuola medica salernitana
1061,1,"Sede di Parco archeologico dei Campi Flegrei - Stadio di Antonino Pio, Puteoli"
1062,3,Sede di Camera di San Paolo
1063,4,"Sede di Musei civici d'arte antica -  Museo d'arte industriale ""Davia Bargellini"""
1064,1,Sede di Museo della Valle di Zogno
1065,1,"Sede di Civica raccolta d'arte di Medole, Palazzo Ceni"
1066,2,Sede di Museo civico archeologico di Bisaccia
1067,1,Sede di Museo civico di Sanremo
1068,4,Sede di Museo del corallo di Alghero
1069,3,"Sede di Soprintendenza Archeologia, Belle Arti e Paesaggio per l'area Metropolitana di Napoli"
1070,1,Sede di Musei di Palazzo dei Pio - Museo del Palazzo
1071,1,Sede di Museo civico di arte antica in Palazzo Comunale
1072,1,Sede di Museo civico di scienze naturali Enrico Caffi
1073,4,Sede di Ex Convento di San Francesco della Scarpa
1074,2,Sede di Palazzo Perrando
1075,2,Sede di Museo artistico della bambola - Collezione Maria Micaelli
1076,2,Sede di Parco archeominerario di San Silvestro
1077,3,Sede di Museo ferroviario piemontese
1078,6,Sede di Opificio delle Pietre Dure
1079,1,Sede di Criptoportico forense di Aosta
1080,1,Sede di Loggia della Mercanzia o Loggia di Banchi
1081,2,Sede di Segretariato Regionale del Ministero della cultura per l'Emilia-Romagna
1082,2,Sede di Giardini botanici Hanbury - Centro universitario di servizi
1083,4,"Sede di Museo archeologico e antiquarium ""Archeoderi"""
1084,4,Sede di Museo archeologico di Metauros
1085,4,Sede di Parco archeologico di Cerveteri e Tarquinia
1086,4,Sede di Archivio di Stato di Cremona
1087,2,Sede di Palazzo Rocca Costaguta
1088,1,Sede di Teatro San Carlo
1089,2,Sede di Museo civico di Piedimonte Matese
1090,3,Sede di Museo del Novecento di Milano
1091,5,Sede di Musei capitolini
1092,1,Sede di Palazzo Gavotti
1093,1,Sede di Teatro del Collegio di San Carlo
1094,1,Sede di Parco archeologico di Pompei - Scavi archeologici di Stabiae (Villa Arianna)
1095,1,Sede di Area archeologica di Segesta
1096,1,Sede di Il Borgo del Maglio - Museo Il Maglio Averoldi - Casa museo Pietro Malossi
1097,1,Sede di Museo delle icone e d’arte sacra
1098,1,Sede di Gallerie Estensi - Museo lapidario estense
1099,1,Sede di Museo diocesano di Pozzuoli
1100,1,Sede di Cappella di San Severo
1101,1,"Sede di Museo etnografico ""Francesco Prelorenzo"""
1102,1,Sede di Museo Folligeniali
1103,1,Sede di Abbazia di Montevergine
1104,1,Sede di Palazzo vecchio del comune - battistero di Albenga
1105,2,Sede di Castello di Ceglie del Campo
1106,1,"Sede di Museo delle arti monastiche ""Le Stanze del Tempo Sospeso"""
1107,3,Sede di Galleria d’arte moderna di Roma
1108,2,Sede di Abbazia di Soffena
1109,3,Sede di Museo Sigismondo Castromediano
1110,1,Sede di Museo di Palazzo Ducale di Mantova
1111,1,Sede di Abbazia greca di San Nilo e Museo dell'Abbazia
1112,1,Sede di Museo Emilio Greco
1113,1,Sede di Castello dei Conti Guidi - Mostre permanenti
1114,2,Sede di Museo archeologico nazionale di Siena
1115,1,Sede di Museo civico di Sansepolcro
1116,1,Sede di Museo della ceramica di Montelupo
1117,1,Sede di Complesso di Santa Chiara e San Francesco della Scarpa
1118,1,Sede di Casa di Goethe
1119,1,Sede di Spazio San Pancrazio
1120,3,Sede di Archivio di Stato di Roma. Sede distaccata
1121,3,Sede di Museo napoleonico
1122,1,Sede di Parco archeologico dei Campi Flegrei - Parco archeologico di Liternum
1123,1,Sede di Museo della città Civico e Diocesano di Acquapendente
1124,2,Sede di Museo diocesano di Padova
1125,2,Sede di Archivio Storico Regione Liguria
1126,2,Sede di Archivio di Stato di Siracusa
1127,2,Sede di Museo archeologico di Cesena
1128,2,Sede di Museo civico archeologico di Arsago Seprio
1129,1,"Sede di Museo civico archeologico ""Genna Maria"""
1130,3,Sede di Museo dei Fori Imperiali nei mercati di Traiano
1131,1,Sede di Villa Faravelli. M.A.C.I. - Museo Arte Contemporanea Imperia
1132,1,Sede di Museo delle trame mediterranee
1133,1,Sede di MARCA - Museo delle Arti Catanzaro
1134,1,Sede di Archivio di Stato di Agrigento. Deposito sussidiario
1135,2,Sede di Piramide di Caio Cestio
1136,2,Sede di Museo Mangini Bonomi - Fondazione Emilio Carlo Mangini
1137,1,Sede di Centro di documentazione del mondo agricolo ferrarese
1138,2,Sede di Museo tuscolano scuderie Aldobrandini
1139,1,Sede di Chiesa di San Lorenzo
1140,1,Sede di Chiostro dell'Ex Convento degli Agostiniani
1141,1,Sede di Fortezza vecchia
1142,1,Sede di Palazzo della Cultura
1143,1,"Sede di Soprintendenza Archeologia, Belle Arti e Paesaggio per le province di Siena, Grosseto e Arezzo"
1144,1,Sede di Direzione Generale Biblioteche e Diritto d'Autore
1145,1,Sede di Triennale di Milano - Triennale design museum
1146,1,Sede di Grotta Guattari
1147,1,Sede di Galleria civica d'arte moderna e contemporanea di Noicattaro
1148,3,Sede di Casa museo Ugo Guidi
1149,1,Sede di Museo nazionale d'Abruzzo
1150,1,Sede di Circuito museale aperto: Palazzo della Corgna e fortezza medievale
1151,1,Sede di Museo delle statue - stele lunigianesi
1152,1,Sede di Rocca Estense - Pinacoteca Coppelli
1153,1,Sede di Palazzo dei musei di Varallo
1154,1,Sede di Chiesa di S. Maria del Romitorio (Palazzo Arcivescovile di Brindisi)
1155,1,Sede di Castello di Susans (Ud)
1156,1,Sede di Museo Principe Guglielmo Romanazzi Carducci di Santo Mauro
1157,1,Sede di Museo civico archeologico di Pegognaga
1158,2,Sede di Fondazione Magnani-Rocca
1159,4,Sede di Museo nazionale etrusco di Rocca Albornoz
1160,1,Sede di VILLA WIDMANN REZZONICO FOSCARI
1161,1,Sede di MUVE - Museo del Vetro di Empoli
1162,1,Sede di Gallerie degli Uffizi - Tesoro dei Granduchi (Palazzo Pitti)
1163,2,Sede di Chiesa di Santa Marta
1164,1,Sede di Museo archeologico e d'arte della Maremma
1165,1,Sede di Casalino Farsetti
1166,1,"Sede di Museo archeologico versiliese ""Bruno Antonucci"""
1167,1,"Sede di Museo d'arte moderna e contemporanea ""Antonio Ortiz Echague"""
1168,1,Sede di Museo nazionale ferroviario di Pietrarsa
1169,1,"Sede di Pinacoteca ""Michele De Napoli"""
1170,2,Sede di Museo preistorico dell'Isolino Virginia
1171,1,Sede di Biblioteche Riunite “ Civica e A. Ursino e Recupero”.
1172,1,Sede di Palazzo Merulana
1173,1,Sede di Museo della ceramica di Grottaglie
1174,1,Sede di Area archeologica Villa dei Nonii Arrii
1175,1,Sede di Galleria d'Arte Moderna Paolo e Adele Giannoni
1176,2,Sede di Musei civici di Cuneo - Casa museo Galimberti
1177,1,Sede di Museo del carbone
1178,1,Sede di Museo delle langhe
1179,1,Sede di Villa Romana di Toscolano Maderno
1180,1,Sede di Anfiteatro verlasce
1181,2,Sede di Villa Reale di Monza
1182,1,"Sede di Museo civico, archeologico e della Collegiata"
1183,1,Sede di Archivio di Stato di Perugia. Sezione di Gubbio
1184,1,Sede di Palais Mamming Museum
1185,1,Sede di Monastero di San Benedetto Sacro Speco
1186,1,Sede di Museo internazionale delle ceramiche in Faenza
1187,1,Sede di Parco della Pace
1188,2,Sede di Palazzo Roverella
1189,2,Sede di Museo archeologico e paleobotanico di Perfugas
1190,1,Sede di Convento dei Cappuccini
1191,1,Sede di Museo dell’Abbazia di Morimondo
1192,1,Sede di Museo della Regina
1193,3,Sede di Museo archeologico di Santa Maria delle Monache
1194,3,Sede di Museo Sannitico
1195,3,Sede di Palazzo Pistilli
1196,2,Sede di Museo archeologico dell'Agro Falisco e Forte Sangallo
1197,1,Sede di Museo archeologico cadorino
1198,1,Sede di Area archeologica di Marzabotto
1199,1,Sede di Fortezza di Castruccio Castracani
1200,2,Sede di Museo archeologico nazionale dell'Antica Allifae
1201,2,Sede di Museo archeologico di Vulci
1202,2,Sede di Mitreo Barberini
1203,1,Sede di Su tempiesu
1204,1,"Sede di Musei civici di Villa Paolina - Museo archeologico Alberto Carlo Blanc, Museo degli strumenti musicali Giovanni Ciuffreda e Atelier Alfredo Catarsini"
1205,2,Sede di Museo pucciniano di Celle di Pescaglia
1206,1,Sede di Pav - Parco Arte Vivente
1207,1,Sede di Mausoleo di Sant'Elena
1208,1,Sede di Museo Diocesano e del Codex
1209,1,Sede di Museo civico di  casa Cavassa
1210,1,Sede di Parco Archeologico dell'Appia antica - Torre del Fiscale
1211,3,Sede di Museo nazionale dell'età neoclassica in Romagna in Palazzo Milzetti
1212,2,Sede di Parco Archeologico della Sibaritide
1213,79,Sede di Biblioteca nazionale Marciana - Sale monumentali
1214,25,Sede di Fortezza di Santa Barbara
1215,89,Sede di Castel Sant'Elmo e Museo del Novecento a Napoli
1216,57,Sede di Museo archeologico statale di Ascoli Piceno
1217,2,Sede di Parco archeologica di Ostia antica - Castello Giulio II
1218,2,Sede di Parco archeologico di Ostia antica - Complesso degli antichi Porti di Claudio e Traiano
1219,17,Sede di Archivio di Stato di Piacenza
1220,18,Sede di Palazzo Spinola
1221,42,Sede di Museo nazionale romano - Crypta Balbi
1222,115,Sede di Museo nazionale romano - Palazzo Altemps
1223,40,Sede di Villa della Regina
1224,17,Sede di Biblioteca Marucelliana
1225,434,Sede di Museo nazionale etrusco di Villa Giulia
1226,37,Sede di Parco archeologico di Ercolano - Area archeologica
1227,4,Sede di Altare prenuragico di Monte d’Accoddi
1228,1,Sede di Museo Antiquarium Turritano di Porto Torres
1229,32,"Sede di Museo nazionale archeologico ed etnografico ""Giovanni Antonio Sanna"""
1230,1,"Sede di Museo archeologico nazionale ""Giorgio Asproni"""
1231,13,"Sede di Museo nazionale etrusco, Necropoli di Poggio Renzo e Tomba del Colle"
1232,67,Sede di Galleria Nazionale d'Arte Moderna e Contemporanea
1233,8,Sede di Scuderie del Quirinale
1234,4,Sede di Biblioteca nazionale Marciana - Sale monumentali e Ridotti dei Procuratori
1235,22,"Sede di Soprintendenza Archeologia, Belle Arti e Paesaggio per le province di Caserta e Benevento"
1236,3,Sede di Area archeologica di Cosa
1237,43,Sede di Archivio di Stato di Roma
1238,4,Sede di Pinacoteca Nazionale e Museo di Palazzo Mansi
1239,210,Sede di Direzione regionale Musei Lombardia
1240,98,Sede di Direzione Regionale Musei Campania
1241,12,"Sede di Soprintendenza Archeologia, Belle Arti e Paesaggio per le Province di Brindisi e Lecce"
1242,50,Sede di Direzione Musei Statali della Città di Roma
1243,8,Sede di Archivio di Stato di Verbania
1244,11,Sede di Parco Archeologico di Ostia Antica
1245,14,Sede di Direzione Regionale Musei Molise
1246,16,Sede di Museo delle arti e tradizioni popolari dell’Alta Valle del Tevere - Palazzo Taglieschi
1247,12,Sede di Museo nazionale Jatta
1248,31,Sede di Gallerie Estensi - Galleria estense
1249,16,Sede di Parco archeologico di Sepino - Area archeologica di Altilia-Saepinum
1250,30,Sede di Museo archeologico di Venafro
1251,12,"Sede di Soprintendenza Archeologia, Belle Arti e Paesaggio per le province di L'Aquila e Teramo"
1252,3,Sede di Biblioteca Statale Isontina di Gorizia
1253,25,"Sede di Soprintendenza Archeologia, Belle Arti e Paesaggio per la Basilicata"
1254,67,Sede di Museo della ceramica Duca di Martina in Villa Floridiana
1255,17,Sede di Archivio di Stato di Perugia. Sezione di Assisi
1256,22,"Sede di Soprintendenza Archeologia, Belle Arti e Paesaggio per la provincia di Viterbo e per l'Etruria meridionale"
1257,74,Sede di Galleria nazionale di Cosenza
1258,25,Sede di Biblioteca nazionale centrale di Roma
1259,1,Sede di Castel Thun
1260,159,Sede di Biblioteca Universitaria di Genova
1261,40,Sede di Archivio di Stato di Firenze
1262,17,Sede di Biblioteca Marucelliana di Firenze
1263,58,Sede di Biblioteca Universitaria di Napoli
1264,8,Sede di Istituto Centrale per la Patologia degli Archivi e del Libro
1265,9,Sede di Istituto Centrale per il Catalogo Unico delle biblioteche italiane e per le informazioni bibliografiche - ICCU
1266,17,Sede di Archivio di Stato di Salerno
1267,10,Sede di Archivio di Stato di Massa
1268,12,Sede di Archivio di Stato di Trieste
1269,20,Sede di Soprintendenza Archivistica e Bibliografica della Lombardia
1270,3,"Sede di Archivio di Stato di Bologna, Sezione di Imola"
1271,54,Sede di Museo nazionale degli strumenti musicali
1272,23,Sede di Museo di Casa Vasari
1273,47,Sede di Biblioteca Nazionale di Potenza
1274,134,Sede di Anfiteatro campano
1275,6,Sede di Archivio di Stato di Trento
1276,17,Sede di Archivio di Stato di Ascoli Piceno
1277,11,Sede di Archivio di Stato di Fermo
1278,56,Sede di Complesso Monumentale della Pilotta
1279,16,Sede di Archivio di Stato di Brescia
1280,8,Sede di Biblioteca Nazionale  Sagarriga Visconti Volpi
1281,22,Sede di Museo nazionale della Certosa monumentale di Calci
1282,4,Sede di Museo diocesano tridentino
1283,21,Sede di Castello di Civitacampomarano
1284,62,Sede di Direzione Regionale Musei Marche
1285,23,Sede di Antiquarium di Torre Cimalonga
1286,11,Sede di Archivio di Stato di Ravenna
1287,18,Sede di Museo e Parco archeologico nazionale di Capo Colonna
1288,42,Sede di Museo sannitico
1289,16,Sede di La Cattolica
1290,3,Sede di Segretariato Regionale del Ministero della cultura per la Campania
1291,26,Sede di Parco archeologico di Sepino - Museo della città e del territorio
1292,109,Sede di Museo archeologico nazionale di Pontecagnano e Parco archeologico di Pontecagnano
1293,10,Sede di Castello del Buonconsiglio
1294,44,Sede di Archivio di Stato di Prato
1295,23,Sede di Palazzo Ducale di Tricarico
1296,27,Sede di Archivio di Stato di Catania
1297,20,Sede di Parco archeologico di Monte Sannace
1298,18,Sede di Gallerie degli Uffizi - Giardino di Boboli
1299,26,Sede di Biblioteca Nazionale Universitaria di Torino
1300,15,Sede di Archivio di Stato di Mantova
1301,6,Sede di Biblioteca e Complesso monumentale dei Girolamini
1302,3,Sede di Archivio di Stato di Oristano
1303,18,"Sede di Museo archeologico nazionale Prenestino, Santuario della Fortuna Primigenia e Complesso degli edifici del foro di Praeneste"
1304,12,Sede di Archivio di Stato di Pistoia
1305,26,Sede di Museo archeologico Metauros
1306,45,Sede di Archivio di Stato di Milano
1307,20,Sede di Villa Brandi
1308,10,Sede di Palazzo Chigi Piccolomini alla Postierla
1309,1,Sede di Parco archeologico di Pompei - Villa romana di Cellole
1310,19,Sede di Biblioteca Nazionale Centrale di Firenze
1311,60,Sede di Museo nazionale etrusco e necropoli di Chiusi
1312,20,Sede di Archivio di Stato di Bologna
1313,7,Sede di Archivio di Stato di Belluno
1314,5,Sede di Soprintendenza Archivistica e Bibliografica dell’Emilia-Romagna
1315,13,Sede di Biblioteca Statale del Monumento Nazionale di Montevergine
1316,38,Sede di Castello Bufalini
1317,24,Sede di Museo nazionale di Archeologia del Mare
1318,50,Sede di Museo nazionale di Castel Sant'Angelo e Passetto di Borgo
1319,9,Sede di Istituto Centrale per il Catalogo e la Documentazione
1320,22,Sede di Parco Archeologico del Colosseo
1321,7,Sede di Museo archeologico nazionale “Gaio Cilnio Mecenate”
1322,9,Sede di Area archeologica del Sodo e Tomba di Camucia
1323,10,Sede di Area archeologica di Vetulonia
1324,20,Sede di Antiquarium e zona archeologica di Canne della Battaglia
1325,12,Sede di Museo archeologico nazionale della Lomellina
1326,36,Sede di Museo nazionale archeologico di Altamura
1327,7,Sede di Galleria Borghese
1328,30,Sede di Centro per il libro e la lettura
1329,14,Sede di Terme di Caracalla
1330,34,Sede di Museo archeologico nazionale di Crotone
1331,44,Sede di Museo archeologico nazionale e Teatro romano di Spoleto
1332,18,Sede di Biblioteca statale Isontina di Gorizia
1333,1,Sede di Complesso monumentale della Pilotta
1334,15,Sede di Museo archeologico nazionale di Verona
1335,91,Sede di Direzione Regionale Musei Lazio
1336,26,Sede di Parco Archeologico di Pompei
1337,4,Sede di Soprintendenza archivistica e bibliografica dell'Umbria
1338,13,Sede di Battistero degli Ariani
1339,11,Sede di Palazzo di Teodorico
1340,24,Sede di Abbazia di Pomposa e Museo pomposiano
1341,26,"Sede di Soprintendenza Archeologia, Belle Arti e Paesaggio per l'area Metropolitana di Venezia e le province di Belluno, Padova e Treviso"
1342,16,Sede di Museo archeologico nazionale di Campli e Area archeologica di Campovalano
1343,24,Sede di Museo archeologico nazionale d'Abruzzo - Villa Frigerj
1344,19,Sede di Museo casa natale di Gabriele d'Annunzio
1345,35,Sede di Archivio di Stato di Viterbo
1346,28,Sede di Direzione Regionale Musei Abruzzo
1347,14,Sede di Archivio di Stato di La Spezia
1348,19,"Sede di Soprintendenza Archeologia, Belle Arti e Paesaggio per le Province di Frosinone e Latina"
1349,1,Sede di Castello di Spezzano e Museo della Ceramica
1350,13,Sede di Archivio di Stato dell'Aquila
1351,3,Sede di Archivio di Stato dell'Aquila. Sezione di Sulmona
1352,27,Sede di Museo storico archeologico di Nola
1353,37,Sede di Museo archeologico dell'antica Allifae
1354,1,Sede di Villa Necker
1355,13,Sede di Archivio di Stato di Verona
1356,39,Sede di Palazzo Ducale di Mantova
1357,43,Sede di Rocca Albornoz - Museo nazionale del Ducato di Spoleto
1358,52,Sede di Archivio di Stato di Modena
1359,46,Sede di Direzione Generale Archivi
1360,80,Sede di Museo archeologico statale di Arcevia
1361,6,Sede di Parco Archeologico dell'Appia antica - Tratto demaniale della via Appia con annessi monumenti e mausolei
1362,8,Sede di Torre di Cicerone
1363,12,Sede di Museo nazionale etrusco Rocca Albornoz
1364,3,Sede di Chiesa di Santa Maria Maggiore di Tuscania
1365,95,"Sede di Soprintendenza Archeologia, Belle Arti e Paesaggio per le province di Salerno e Avellino"
1366,5,Sede di Area archeologica dell'anfiteatro romano di Avella
1367,15,Sede di Forte di Gavi
1368,18,Sede di Museo archeologico nazionale di Fratta Polesine
1369,1,Sede di Palazzo della battaglia - Museo delle memorie e del paesaggio nella terra di Anghiari
1370,29,"Sede di Museo archeologico nazionale della Basilicata ""Dinu Adamesteanu"""
1371,43,Sede di Museo nazionale di Castello Pandone
1372,28,Sede di Biblioteca Casanatense
1373,21,Sede di Museo archeologico nazionale di Sarsina
1374,10,Sede di Basilica di Sant'Apollinare in Classe
1375,13,Sede di Parco di Villa Il Ventaglio
1376,15,Sede di Castello di Copertino
1377,2,Sede di Museo archeologico nazionale di Castiglioncello
1378,8,"Sede di Museo archeologico territoriale della penisola sorrentina ""Georges Vallet"""
1379,27,Sede di Museo archeologico nazionale di Ferrara - Palazzo Costabili
1380,14,Sede di Parco archeologico di Cerveteri e Tarquinia - Necropoli dei Monterozzi di Tarquinia
1381,15,"Sede di Museo archeologico nazionale ""G. Carettoni"" e Area archeologica di Casinum"
1382,16,Sede di Comprensorio archeologico e Antiquarium di Minturnae e Ponte Real Ferdinando
1383,3,Sede di Casa di San Tommaso D'Aquino
1384,5,Sede di Parco Archeologico di Paestum e Velia
1385,2,"Sede di Centro culturale ""Museo dei Fieschi"""
1386,41,Sede di Museo e Parco archeologico nazionale di Scolacium
1387,24,Sede di Archivio di Stato di Macerata - Sezione di Camerino
1388,2,"Sede di Pinacoteca ""G. Stuard"""
1389,4,Sede di Biblioteca statale Antonio Baldini
1390,6,Sede di Museo civico archeologico di Bologna
1391,3,Sede di Parco archeologico di Pompei - Antiquarium di Boscoreale
1392,12,"Sede di Soprintendenza Speciale Archeologia, Belle Arti e Paesaggio di Roma"
1393,10,"Sede di Museo e Parco archeologico ""Archeoderi"""
1394,11,Sede di Cenacolo di Sant'Apollonia
1395,18,Sede di Forte Santa Tecla
1396,30,Sede di Biblioteca di storia moderna e contemporanea
1397,21,Sede di Biblioteca statale di Cremona
1398,12,Sede di Museo nazionale Memoriale Giuseppe Garibaldi
1399,2,Sede di Archivio di Stato di Catanzaro. Sezione di Lamezia Terme
1400,9,Sede di Archivio di stato di Cagliari
1401,4,Sede di Musel - Museo Archeologico e della Città
1402,2,Sede di Museo didattico della Seta
1403,26,Sede di Archivio di Stato di Palermo
1404,19,Sede di Biblioteca Medica Statale Di Roma
1405,13,Sede di Archivio di Stato di Benevento
1406,2,Sede di Museo del tessile e della tradizione industriale
1407,27,Sede di Villa del Colle del Cardinale
1408,1,Sede di Museo provinciale del territorio
1409,2,Sede di MACA - Museo Arte Contemporanea Acri
1410,30,Sede di Parco e Tomba di Virgilio
1411,3,Sede di Parco archeologico dell'Appia antica - Villa di Sette Bassi
1412,43,Sede di Museo archeologico nazionale di Venezia
1413,10,"Sede di Soprintendenza Archeologia, Belle Arti e Paesaggio per le province di Imperia e Savona"
1414,18,"Sede di Soprintendenza Archeologia, Belle Arti e Paesaggio per la città metropolitana di Genova e la provincia di La Spezia"
1415,8,Sede di Museo egizio di Torino
1416,7,Sede di Chiesa di San Francesco d'Assisi
1417,1,"Sede di Castello di Canossa e Museo nazionale ""Naborre Campanini"""
1418,16,Sede di Soprintendenza Archivistica e Bibliografica della Campania
1419,4,Sede di Museo di Roma
1420,14,Sede di Galleria nazionale delle Marche
1421,1,Sede di Palazzo delle papesse Centro arte contemporanea
1422,10,Sede di MART - Museo di arte moderna e contemporanea di Trento Rovereto
1423,1,Sede di Museo della Marineria dell'alto e medio Adriatico
1424,3,Sede di Pinacoteca Accademia Carrara
1425,1,Sede di Direzione Generale Cinema e Audiovisivo
1426,6,Sede di Archivio di Stato di Messina
1427,3,Sede di Pinacoteca comunale galleria d’arte moderna Marco Moretti
1428,2,Sede di Biblioteca e Complesso Monumentale dei Girolamini
1429,6,"Sede di Soprintendenza Archeologia, Belle Arti e Paesaggio per il Comune di Napoli"
1430,14,Sede di Archivio Centrale dello Stato
1431,4,Sede di Archivio di Stato di Lucca - Sede distaccata
1432,23,Sede di Biblioteca Casanatense di Roma
1433,10,Sede di MAXXI - Museo nazionale delle arti del XXI secolo
1434,3,Sede di Soprintendenza Archivistica e Bibliografica della Basilicata
1435,9,Sede di Archivio di Stato di Padova
1436,4,Sede di Biblioteca Nazionale Centrale di Roma
1437,3,Sede di Museo di Roma in Trastevere
1438,16,Sede di Archivio di Stato di Genova
1439,2,"Sede di Parco archeologico dei Campi Flegrei - Piscina Mirabilis, Misenum"
1440,3,Sede di Casa museo villa monastero
1441,3,Sede di Parco archeologico culturale di Tuscolo
1442,2,Sede di Soprintendenza Archivistica e Bibliografica dell'Abruzzo e del Molise
1443,10,Sede di Biblioteca Riccardiana di Firenze
1444,10,"Sede di Soprintendenza Archeologia, Belle Arti e Paesaggio per le Province di Parma e Piacenza"
1445,5,Sede di Museo Mucirama
1446,1,Sede di Museo civico Libreria S. Giacomo della Marca
1447,2,Sede di Centro Documentazione Archeologica
1448,2,Sede di Musei civici di Pesaro
1449,2,Sede di Centro visitatori Biotopo protetto e aree archeologiche Torbiera di Fiavé
1450,1,Sede di Gallerie degli Uffizi - Corridoio Vasariano
1451,4,Sede di Dolmen di San Silvestro
1452,3,Sede di Museo Bodoniano
1453,1,Sede di Castello della Zisa
1454,1,Sede di Polo museale di Palazzo De Castellotti
1455,1,Sede di Biblioteca F. Antolisei
1456,1,"Sede di Raccolta comunale d’arte della ""Rocca di Frontone"""
1457,1,Sede di Museo della civiltà contadina di Mombaroccio
1458,1,"Sede di Museo dei legni processionali ""Mons. M. Manfroni"" della Confraternita del SS. sacramento"
1459,1,Sede di Museo di arte contemporanea e dei pittori dell’emigrazione
1460,1,Sede di Museo della carta e della filigrana di Fabriano
1461,1,Sede di Museo del Duomo di Milano
1462,2,Sede di Raccolta d'arte Carlo Lamberti
1463,1,Sede di Museo Vallivo Valfurva Mario Testorelli
1464,1,Sede di Museo universitario d'Abruzzo - Museo di storia delle scienze biomediche
1465,2,Sede di Museo di Comunità della Festa del Grano di Jelsi
1466,2,Sede di Musei civici d'arte antica - Collezioni comunali d'arte di Bologna
1467,5,Sede di Museo Archeologico di Sala Consilina
